subcluster	subtype	kdm6b_rank	kdm6b_group	comparison	comparison_condition	sccomp_reference_condition	effect_41bbl_vs_condition	lower_41bbl_vs_condition	upper_41bbl_vs_condition	c_pH0	c_FDR	significant_direction	status_in_41bbl	c_rhat	c_ess_bulk	c_ess_tail
4	Inflammatory activated microglia	1	Kdm6b-high	41BB-L vs B7H3	B7H3	41BB-L	0.27658459415887476	-0.03199748654750001	0.575004439375	0.126	0.044270833333333336	Enriched in 41BB-L	Enriched in 41BB-L	1.0001716072880396	3923.9338430331263	3600.653030756659
4	Inflammatory activated microglia	1	Kdm6b-high	41BB-L vs CD28-41BB	CD28-41BB	41BB-L	-0.1226432429078811	-0.413825178075	0.16237018755000002	0.43799999999999994	0.17022916666666665	Not significantly different	Not significantly different	1.0003252557481968	3229.902112283049	3674.527122675281
4	Inflammatory activated microglia	1	Kdm6b-high	41BB-L vs CD8-41BB	CD8-41BB	41BB-L	0.03512039316455781	-0.26040277705	0.32410801824999996	0.66525	0.1940625	Not significantly different	Not significantly different	1.000049806332268	3780.6603208369	3811.899558950228
4	Inflammatory activated microglia	1	Kdm6b-high	41BB-L vs STOP	STOP	41BB-L	-0.08892764124452805	-0.3829881674750001	0.21080864267500002	0.52825	0.18084375	Not significantly different	Not significantly different	1.000445550374032	2820.5307597435362	3246.3246450879874
4	Inflammatory activated microglia	1	Kdm6b-high	41BB-L vs tumor	tumor	41BB-L	-0.09009072658873213	-0.384740307825	0.21923031335	0.5215000000000001	0.095828125	Not significantly different	Not significantly different	1.0006034873787002	3463.048861485055	3629.6941022084393
10	Perivascular macrophages (chemokine-producing)	2	Kdm6b-high	41BB-L vs B7H3	B7H3	41BB-L	0.39900267548964674	0.05150659202499993	0.72214483575	0.042749999999999955	0.023749999999999993	Enriched in 41BB-L	Enriched in 41BB-L	1.0004485793758715	1123.9153013002779	2988.06596092513
10	Perivascular macrophages (chemokine-producing)	2	Kdm6b-high	41BB-L vs CD28-41BB	CD28-41BB	41BB-L	-0.14329906356977054	-0.451752291275	0.17267580600000002	0.39049999999999996	0.14588636363636365	Not significantly different	Not significantly different	1.001156591838452	1782.7449869644697	3767.1498449837613
10	Perivascular macrophages (chemokine-producing)	2	Kdm6b-high	41BB-L vs CD8-41BB	CD8-41BB	41BB-L	-0.07799639947117246	-0.3934373262000002	0.2428919365	0.5495	0.16265000000000002	Not significantly different	Not significantly different	0.9997869561838006	2845.2535357507645	3644.5959590538987
10	Perivascular macrophages (chemokine-producing)	2	Kdm6b-high	41BB-L vs STOP	STOP	41BB-L	-0.2772651940217848	-0.5842100224000001	0.035870310002499996	0.123	0.048527777777777774	Enriched in STOP	Depleted in 41BB-L	1.0000940635989168	2516.51941504634	2477.6585737867726
10	Perivascular macrophages (chemokine-producing)	2	Kdm6b-high	41BB-L vs tumor	tumor	41BB-L	-0.862313816505	-1.1530673657500001	-0.5734518217	0	0	Enriched in tumor	Depleted in 41BB-L	0.9999963615799129	1691.6564787248878	3919.1688480814196
0	Early activated microglia	3	Kdm6b-high	41BB-L vs B7H3	B7H3	41BB-L	0.3666795698327375	0.05940712965499995	0.67489125755	0.04225000000000001	0.021035714285714286	Enriched in 41BB-L	Enriched in 41BB-L	1.0029127126774129	2431.010026485096	3309.70066207054
0	Early activated microglia	3	Kdm6b-high	41BB-L vs CD28-41BB	CD28-41BB	41BB-L	-0.09981066701379591	-0.376990845775	0.19602828202499997	0.495	0.21351785714285715	Not significantly different	Not significantly different	1.000000503752317	3248.864580951568	3588.8040011370863
0	Early activated microglia	3	Kdm6b-high	41BB-L vs CD8-41BB	CD8-41BB	41BB-L	0.19425074633592904	-0.11827400965000018	0.49455976282499997	0.27225	0.057704545454545446	Not significantly different	Not significantly different	0.99983985690168	3503.4054978422646	3891.901102968894
0	Early activated microglia	3	Kdm6b-high	41BB-L vs STOP	STOP	41BB-L	-0.19072034754250017	-0.4684509538	0.1020371186	0.263	0.08188636363636363	Not significantly different	Not significantly different	1.001265125940007	3132.522377586087	2794.649856363617
0	Early activated microglia	3	Kdm6b-high	41BB-L vs tumor	tumor	41BB-L	-0.3978669436655805	-0.6819737337750001	-0.119483539925	0.017750000000000044	0.003194444444444438	Enriched in tumor	Depleted in 41BB-L	1.0004428371773866	2804.9960656774715	3623.8117571554253
11	Antigen-presenting monocytes	4	Kdm6b-high	41BB-L vs B7H3	B7H3	41BB-L	-0.39007245343961	-0.7340676551250002	-0.0538687933475	0.04525000000000001	0.026138888888888885	Enriched in B7H3	Depleted in 41BB-L	1.0000328940744783	1123.6402927264292	1216.8151336239048
11	Antigen-presenting monocytes	4	Kdm6b-high	41BB-L vs CD28-41BB	CD28-41BB	41BB-L	0.2576720704520955	-0.10211343625000033	0.612733007	0.18174999999999997	0.05867857142857142	Not significantly different	Not significantly different	1.0016269626474026	969.3702954510184	1291.3472658178225
11	Antigen-presenting monocytes	4	Kdm6b-high	41BB-L vs CD8-41BB	CD8-41BB	41BB-L	-0.5107491680759075	-0.8267874486500001	-0.18794636362500003	0.0050000000000000044	0.0013749999999999873	Enriched in CD8-41BB	Depleted in 41BB-L	1.0003285091073	1936.715276365763	3087.179553758894
11	Antigen-presenting monocytes	4	Kdm6b-high	41BB-L vs STOP	STOP	41BB-L	-0.1601143105116427	-0.4942800998	0.1793061203	0.35950000000000004	0.11986538461538462	Not significantly different	Not significantly different	1.001159487262275	1259.5750338567636	1976.4144215971626
11	Antigen-presenting monocytes	4	Kdm6b-high	41BB-L vs tumor	tumor	41BB-L	0.2028930512595525	-0.15191058185000006	0.5569519225749999	0.27775000000000005	0.046607142857142854	Enriched in 41BB-L	Enriched in 41BB-L	1.0006223878017508	1730.000089036628	2970.378500713069
8	Perivascular macrophages	13	Kdm6b-low	41BB-L vs B7H3	B7H3	41BB-L	0.5052270001634237	0.14526653644999996	0.8601572852	0.014249999999999985	0.01293749999999999	Enriched in 41BB-L	Enriched in 41BB-L	0.9998518261007465	2713.3156181216677	3434.1139806456354
8	Perivascular macrophages	13	Kdm6b-low	41BB-L vs CD28-41BB	CD28-41BB	41BB-L	-0.5963093553055	-0.9286220357000001	-0.26848488719999997	4.999999999999449e-4	4.999999999999449e-4	Enriched in CD28-41BB	Depleted in 41BB-L	1.0003613039720514	3977.667303776987	3702.2183490304087
8	Perivascular macrophages	13	Kdm6b-low	41BB-L vs CD8-41BB	CD8-41BB	41BB-L	-0.2914990143049788	-0.629670826375	0.0315589775775	0.12350000000000005	0.021583333333333326	Enriched in CD8-41BB	Depleted in 41BB-L	1.0004380438467233	3659.4670429395687	3708.4174734517064
8	Perivascular macrophages	13	Kdm6b-low	41BB-L vs STOP	STOP	41BB-L	-0.15790200746466132	-0.49533986122500034	0.184798839125	0.36650000000000005	0.13748214285714286	Not significantly different	Not significantly different	1.0001253278279307	2943.2717148130396	2257.398243726609
8	Perivascular macrophages	13	Kdm6b-low	41BB-L vs tumor	tumor	41BB-L	-0.84702153239475	-1.1729520122500003	-0.526005338225	0	0	Enriched in tumor	Depleted in 41BB-L	0.9998546718483465	3067.7967970951327	3379.811696768015
13	Homeostatic microglia	14	Kdm6b-low	41BB-L vs B7H3	B7H3	41BB-L	-0.423598580352396	-0.7759831761000003	-0.06693195573499999	0.03500000000000003	0.017499999999999998	Enriched in B7H3	Depleted in 41BB-L	1.0005239508805863	408.52411239516186	1054.0041887522334
13	Homeostatic microglia	14	Kdm6b-low	41BB-L vs CD28-41BB	CD28-41BB	41BB-L	-0.4925920928763435	-0.857161959	-0.126591539025	0.019000000000000017	0.012249999999999983	Enriched in CD28-41BB	Depleted in 41BB-L	1.0073583133381565	358.47968785280943	970.8286142030765
13	Homeostatic microglia	14	Kdm6b-low	41BB-L vs CD8-41BB	CD8-41BB	41BB-L	-0.50194732349269	-0.8517507653	-0.15753695427500003	0.012499999999999956	0.003958333333333323	Enriched in CD8-41BB	Depleted in 41BB-L	1.0068073607287644	393.61431669404067	1477.7820940251231
13	Homeostatic microglia	14	Kdm6b-low	41BB-L vs STOP	STOP	41BB-L	-0.396197878611535	-0.75159687475	-0.03225794943000001	0.05425000000000002	0.024083333333333328	Enriched in STOP	Depleted in 41BB-L	1.0050463390947273	344.4004724976364	835.4312001638895
13	Homeostatic microglia	14	Kdm6b-low	41BB-L vs tumor	tumor	41BB-L	-0.41459224419738	-0.7896566977000001	-0.0468923616725	0.05025000000000002	0.010545454545454545	Enriched in tumor	Depleted in 41BB-L	1.0004436734377868	403.93753647678136	965.7977854387848
2	Stress-response microglia	15	Kdm6b-low	41BB-L vs B7H3	B7H3	41BB-L	0.4635512115640575	0.15216614189999997	0.785078621175	0.01200000000000001	0.011749999999999983	Enriched in 41BB-L	Enriched in 41BB-L	1.0001456792548953	3658.739844556971	3209.625305213067
2	Stress-response microglia	15	Kdm6b-low	41BB-L vs CD28-41BB	CD28-41BB	41BB-L	-0.2619260803225215	-0.576279805875	0.03912852763499999	0.14725	0.03816666666666666	Enriched in CD28-41BB	Depleted in 41BB-L	1.0007235280915372	2379.787166883572	3169.160325396505
2	Stress-response microglia	15	Kdm6b-low	41BB-L vs CD8-41BB	CD8-41BB	41BB-L	0.434669139805435	0.10814699634999998	0.758663725775	0.022499999999999964	0.0066071428571428436	Enriched in 41BB-L	Enriched in 41BB-L	0.9998285595364828	3822.3677035579904	3477.3331806550887
2	Stress-response microglia	15	Kdm6b-low	41BB-L vs STOP	STOP	41BB-L	-0.3110983765039563	-0.6373809007000001	-0.008743315531750007	0.08775	0.03921875	Enriched in STOP	Depleted in 41BB-L	1.000370975372413	1588.5678606746565	2558.84904595508
2	Stress-response microglia	15	Kdm6b-low	41BB-L vs tumor	tumor	41BB-L	-0.50096431298455	-0.811519990725	-0.18600219777500002	0.005249999999999977	0.0013749999999999873	Enriched in tumor	Depleted in 41BB-L	1.000660355932919	1165.9353829109273	2585.0515638018683
9	Lipid-associated TAMs	16	Kdm6b-low	41BB-L vs B7H3	B7H3	41BB-L	-0.11969324354213218	-0.45249012117500004	0.22238273555000002	0.44275	0.10009375	Not significantly different	Not significantly different	1.001099436397238	1691.6065501812466	3695.851997564091
9	Lipid-associated TAMs	16	Kdm6b-low	41BB-L vs CD28-41BB	CD28-41BB	41BB-L	0.24492267025140602	-0.09208229235000004	0.5826496591	0.1955	0.07578125	Not significantly different	Not significantly different	1.0004863389512968	1875.1273642551887	3399.304304538833
9	Lipid-associated TAMs	16	Kdm6b-low	41BB-L vs CD8-41BB	CD8-41BB	41BB-L	0.579200719701975	0.2181885585249999	0.91514920825	0.005750000000000033	0.0022499999999999964	Enriched in 41BB-L	Enriched in 41BB-L	1.0002324017106103	2802.0534289739617	2746.7968711495246
9	Lipid-associated TAMs	16	Kdm6b-low	41BB-L vs STOP	STOP	41BB-L	0.7631574725019875	0.4066823604749999	1.1106178087499998	7.500000000000284e-4	7.500000000000284e-4	Enriched in 41BB-L	Enriched in 41BB-L	0.9997685882321101	1291.687816420057	3019.3718243393487
9	Lipid-associated TAMs	16	Kdm6b-low	41BB-L vs tumor	tumor	41BB-L	0.9149773734645	0.575170227975	1.26520521475	0	0	Enriched in 41BB-L	Enriched in 41BB-L	1.0004823077834346	999.4555956387063	3196.404583962833
