program	gene	sample	condition	n_cells	kdm6b_mean_expression	gene_mean_expression
Antigen presentation	B2m	41BB-L_pos_T_D1	41BB-L	8940	1.7228531184709492	0.890872064873464
Antigen presentation	B2m	41BB-L_pos_T_D2	41BB-L	8178	1.9897778601069125	1.3528328771464089
Antigen presentation	B2m	B7H3_pos_T_D1	B7H3	11229	1.3668540058535363	1.2135448342126163
Antigen presentation	B2m	B7H3_pos_T_D2	B7H3	9565	1.8843309830605925	1.965718121608979
Antigen presentation	B2m	CD28-41BB_pos_T_D1	CD28-41BB	12931	1.2187367854890294	1.723065813471969
Antigen presentation	B2m	CD28-41BB_pos_T_D2	CD28-41BB	9141	1.2316882867886427	2.002651812211812
Antigen presentation	B2m	CD8-41BB_pos_T_D1	CD8-41BB	14636	1.4749633933967645	1.9748908101968647
Antigen presentation	B2m	CD8-41BB_pos_T_D2	CD8-41BB	2594	1.4381602034214578	2.6103748410892096
Antigen presentation	B2m	STOP_pos_T_D1	STOP	7000	1.1375980270112562	1.2428126330246327
Antigen presentation	B2m	STOP_pos_T_D2	STOP	8089	1.7574555913969632	1.959575671328966
Antigen presentation	B2m	Tumor_only_D1	tumor	5731	1.2916333711289156	1.6478690240544687
Antigen presentation	B2m	Tumor_only_D2	tumor	5797	1.3631584157869483	1.8055289401374783
Antigen presentation	Cd74	41BB-L_pos_T_D1	41BB-L	8940	1.7228531184709492	0.7666256094714854
Antigen presentation	Cd74	41BB-L_pos_T_D2	41BB-L	8178	1.9897778601069125	2.5571231825308005
Antigen presentation	Cd74	B7H3_pos_T_D1	B7H3	11229	1.3668540058535363	2.7110536699719194
Antigen presentation	Cd74	B7H3_pos_T_D2	B7H3	9565	1.8843309830605925	2.934325390184584
Antigen presentation	Cd74	CD28-41BB_pos_T_D1	CD28-41BB	12931	1.2187367854890294	0.4399224630034624
Antigen presentation	Cd74	CD28-41BB_pos_T_D2	CD28-41BB	9141	1.2316882867886427	1.021629412781756
Antigen presentation	Cd74	CD8-41BB_pos_T_D1	CD8-41BB	14636	1.4749633933967645	1.795451672282182
Antigen presentation	Cd74	CD8-41BB_pos_T_D2	CD8-41BB	2594	1.4381602034214578	2.8426237946811943
Antigen presentation	Cd74	STOP_pos_T_D1	STOP	7000	1.1375980270112562	0.8368699354420043
Antigen presentation	Cd74	STOP_pos_T_D2	STOP	8089	1.7574555913969632	1.1446202502911926
Antigen presentation	Cd74	Tumor_only_D1	tumor	5731	1.2916333711289156	0.6734085816042462
Antigen presentation	Cd74	Tumor_only_D2	tumor	5797	1.3631584157869483	0.5196391428351773
Antigen presentation	H2-Ab1	41BB-L_pos_T_D1	41BB-L	8940	1.7228531184709492	0.4567163993488061
Antigen presentation	H2-Ab1	41BB-L_pos_T_D2	41BB-L	8178	1.9897778601069125	1.798524559362997
Antigen presentation	H2-Ab1	B7H3_pos_T_D1	B7H3	11229	1.3668540058535363	1.7428428302763954
Antigen presentation	H2-Ab1	B7H3_pos_T_D2	B7H3	9565	1.8843309830605925	1.9777203225156172
Antigen presentation	H2-Ab1	CD28-41BB_pos_T_D1	CD28-41BB	12931	1.2187367854890294	0.30715825932152546
Antigen presentation	H2-Ab1	CD28-41BB_pos_T_D2	CD28-41BB	9141	1.2316882867886427	0.6670882790085364
Antigen presentation	H2-Ab1	CD8-41BB_pos_T_D1	CD8-41BB	14636	1.4749633933967645	1.2983746859563086
Antigen presentation	H2-Ab1	CD8-41BB_pos_T_D2	CD8-41BB	2594	1.4381602034214578	2.168679321288472
Antigen presentation	H2-Ab1	STOP_pos_T_D1	STOP	7000	1.1375980270112562	0.4569279661453368
Antigen presentation	H2-Ab1	STOP_pos_T_D2	STOP	8089	1.7574555913969632	0.8011397258842162
Antigen presentation	H2-Ab1	Tumor_only_D1	tumor	5731	1.2916333711289156	0.3721582767522133
Antigen presentation	H2-Ab1	Tumor_only_D2	tumor	5797	1.3631584157869483	0.34289030618797783
Antigen presentation	H2-Eb1	41BB-L_pos_T_D1	41BB-L	8940	1.7228531184709492	0.3435832143169209
Antigen presentation	H2-Eb1	41BB-L_pos_T_D2	41BB-L	8178	1.9897778601069125	1.3178944945203894
Antigen presentation	H2-Eb1	B7H3_pos_T_D1	B7H3	11229	1.3668540058535363	1.3085084271109497
Antigen presentation	H2-Eb1	B7H3_pos_T_D2	B7H3	9565	1.8843309830605925	1.556227907032884
Antigen presentation	H2-Eb1	CD28-41BB_pos_T_D1	CD28-41BB	12931	1.2187367854890294	0.24450128771979168
Antigen presentation	H2-Eb1	CD28-41BB_pos_T_D2	CD28-41BB	9141	1.2316882867886427	0.4520091937606857
Antigen presentation	H2-Eb1	CD8-41BB_pos_T_D1	CD8-41BB	14636	1.4749633933967645	1.026059981280625
Antigen presentation	H2-Eb1	CD8-41BB_pos_T_D2	CD8-41BB	2594	1.4381602034214578	1.717250322847726
Antigen presentation	H2-Eb1	STOP_pos_T_D1	STOP	7000	1.1375980270112562	0.33638320739452626
Antigen presentation	H2-Eb1	STOP_pos_T_D2	STOP	8089	1.7574555913969632	0.6174273390629487
Antigen presentation	H2-Eb1	Tumor_only_D1	tumor	5731	1.2916333711289156	0.2568248207278095
Antigen presentation	H2-Eb1	Tumor_only_D2	tumor	5797	1.3631584157869483	0.2533125238311169
Antigen presentation	Psmb8	41BB-L_pos_T_D1	41BB-L	8940	1.7228531184709492	0.4368131479311557
Antigen presentation	Psmb8	41BB-L_pos_T_D2	41BB-L	8178	1.9897778601069125	0.9336684856151779
Antigen presentation	Psmb8	B7H3_pos_T_D1	B7H3	11229	1.3668540058535363	0.7347251446548909
Antigen presentation	Psmb8	B7H3_pos_T_D2	B7H3	9565	1.8843309830605925	1.118836121941795
Antigen presentation	Psmb8	CD28-41BB_pos_T_D1	CD28-41BB	12931	1.2187367854890294	0.4658823224316399
Antigen presentation	Psmb8	CD28-41BB_pos_T_D2	CD28-41BB	9141	1.2316882867886427	0.8937453768390933
Antigen presentation	Psmb8	CD8-41BB_pos_T_D1	CD8-41BB	14636	1.4749633933967645	0.6827387001815568
Antigen presentation	Psmb8	CD8-41BB_pos_T_D2	CD8-41BB	2594	1.4381602034214578	1.3316462704546759
Antigen presentation	Psmb8	STOP_pos_T_D1	STOP	7000	1.1375980270112562	0.4176166710289018
Antigen presentation	Psmb8	STOP_pos_T_D2	STOP	8089	1.7574555913969632	0.8097966303054739
Antigen presentation	Psmb8	Tumor_only_D1	tumor	5731	1.2916333711289156	0.4046740755826949
Antigen presentation	Psmb8	Tumor_only_D2	tumor	5797	1.3631584157869483	0.6985717017700287
Antigen presentation	Tap1	41BB-L_pos_T_D1	41BB-L	8940	1.7228531184709492	0.34376450795788954
Antigen presentation	Tap1	41BB-L_pos_T_D2	41BB-L	8178	1.9897778601069125	1.174914286553643
Antigen presentation	Tap1	B7H3_pos_T_D1	B7H3	11229	1.3668540058535363	1.0178312880673566
Antigen presentation	Tap1	B7H3_pos_T_D2	B7H3	9565	1.8843309830605925	1.2360276955718574
Antigen presentation	Tap1	CD28-41BB_pos_T_D1	CD28-41BB	12931	1.2187367854890294	0.12458632620954446
Antigen presentation	Tap1	CD28-41BB_pos_T_D2	CD28-41BB	9141	1.2316882867886427	0.3896612131101685
Antigen presentation	Tap1	CD8-41BB_pos_T_D1	CD8-41BB	14636	1.4749633933967645	0.34383296799199586
Antigen presentation	Tap1	CD8-41BB_pos_T_D2	CD8-41BB	2594	1.4381602034214578	0.8762591172295726
Antigen presentation	Tap1	STOP_pos_T_D1	STOP	7000	1.1375980270112562	0.22303227410754722
Antigen presentation	Tap1	STOP_pos_T_D2	STOP	8089	1.7574555913969632	0.5445883755854982
Antigen presentation	Tap1	Tumor_only_D1	tumor	5731	1.2916333711289156	0.09307469548527517
Antigen presentation	Tap1	Tumor_only_D2	tumor	5797	1.3631584157869483	0.32426447750344545
Antigen presentation	Tapbp	41BB-L_pos_T_D1	41BB-L	8940	1.7228531184709492	0.864167065396432
Antigen presentation	Tapbp	41BB-L_pos_T_D2	41BB-L	8178	1.9897778601069125	1.7536101923762308
Antigen presentation	Tapbp	B7H3_pos_T_D1	B7H3	11229	1.3668540058535363	1.0856967642669544
Antigen presentation	Tapbp	B7H3_pos_T_D2	B7H3	9565	1.8843309830605925	1.9282898439627714
Antigen presentation	Tapbp	CD28-41BB_pos_T_D1	CD28-41BB	12931	1.2187367854890294	0.49515727819615896
Antigen presentation	Tapbp	CD28-41BB_pos_T_D2	CD28-41BB	9141	1.2316882867886427	1.2142245637628053
Antigen presentation	Tapbp	CD8-41BB_pos_T_D1	CD8-41BB	14636	1.4749633933967645	0.8029291602176958
Antigen presentation	Tapbp	CD8-41BB_pos_T_D2	CD8-41BB	2594	1.4381602034214578	1.680551590484481
Antigen presentation	Tapbp	STOP_pos_T_D1	STOP	7000	1.1375980270112562	0.5212375860341203
Antigen presentation	Tapbp	STOP_pos_T_D2	STOP	8089	1.7574555913969632	1.4083556919139333
Antigen presentation	Tapbp	Tumor_only_D1	tumor	5731	1.2916333711289156	0.4071723040075819
Antigen presentation	Tapbp	Tumor_only_D2	tumor	5797	1.3631584157869483	1.2590209239873225
Inflammatory activation	Cxcl10	41BB-L_pos_T_D1	41BB-L	8940	1.7228531184709492	0.17686921212773152
Inflammatory activation	Cxcl10	41BB-L_pos_T_D2	41BB-L	8178	1.9897778601069125	0.3521682046480354
Inflammatory activation	Cxcl10	B7H3_pos_T_D1	B7H3	11229	1.3668540058535363	0.2703127622850732
Inflammatory activation	Cxcl10	B7H3_pos_T_D2	B7H3	9565	1.8843309830605925	0.3926897554589011
Inflammatory activation	Cxcl10	CD28-41BB_pos_T_D1	CD28-41BB	12931	1.2187367854890294	0.22301175468676462
Inflammatory activation	Cxcl10	CD28-41BB_pos_T_D2	CD28-41BB	9141	1.2316882867886427	0.15488952848321702
Inflammatory activation	Cxcl10	CD8-41BB_pos_T_D1	CD8-41BB	14636	1.4749633933967645	0.3243115946510315
Inflammatory activation	Cxcl10	CD8-41BB_pos_T_D2	CD8-41BB	2594	1.4381602034214578	0.349012599994921
Inflammatory activation	Cxcl10	STOP_pos_T_D1	STOP	7000	1.1375980270112562	0.1261811359897845
Inflammatory activation	Cxcl10	STOP_pos_T_D2	STOP	8089	1.7574555913969632	0.20828441694149455
Inflammatory activation	Cxcl10	Tumor_only_D1	tumor	5731	1.2916333711289156	0.27729352713409444
Inflammatory activation	Cxcl10	Tumor_only_D2	tumor	5797	1.3631584157869483	0.18225610795193165
Inflammatory activation	Cxcl9	41BB-L_pos_T_D1	41BB-L	8940	1.7228531184709492	0.039271981898680176
Inflammatory activation	Cxcl9	41BB-L_pos_T_D2	41BB-L	8178	1.9897778601069125	0.2842775609219996
Inflammatory activation	Cxcl9	B7H3_pos_T_D1	B7H3	11229	1.3668540058535363	0.520813468876351
Inflammatory activation	Cxcl9	B7H3_pos_T_D2	B7H3	9565	1.8843309830605925	0.2739869427992608
Inflammatory activation	Cxcl9	CD28-41BB_pos_T_D1	CD28-41BB	12931	1.2187367854890294	0.03153749033527095
Inflammatory activation	Cxcl9	CD28-41BB_pos_T_D2	CD28-41BB	9141	1.2316882867886427	0.05891911186297672
Inflammatory activation	Cxcl9	CD8-41BB_pos_T_D1	CD8-41BB	14636	1.4749633933967645	0.2557749370392861
Inflammatory activation	Cxcl9	CD8-41BB_pos_T_D2	CD8-41BB	2594	1.4381602034214578	0.1620902701639449
Inflammatory activation	Cxcl9	STOP_pos_T_D1	STOP	7000	1.1375980270112562	0.03568408969261319
Inflammatory activation	Cxcl9	STOP_pos_T_D2	STOP	8089	1.7574555913969632	0.025455725612024763
Inflammatory activation	Cxcl9	Tumor_only_D1	tumor	5731	1.2916333711289156	0.028326001092909506
Inflammatory activation	Cxcl9	Tumor_only_D2	tumor	5797	1.3631584157869483	0.021493679699601618
Inflammatory activation	Ifngr1	41BB-L_pos_T_D1	41BB-L	8940	1.7228531184709492	0.9202377216214739
Inflammatory activation	Ifngr1	41BB-L_pos_T_D2	41BB-L	8178	1.9897778601069125	0.8149079271373083
Inflammatory activation	Ifngr1	B7H3_pos_T_D1	B7H3	11229	1.3668540058535363	0.6479788694578017
Inflammatory activation	Ifngr1	B7H3_pos_T_D2	B7H3	9565	1.8843309830605925	0.9741233334369745
Inflammatory activation	Ifngr1	CD28-41BB_pos_T_D1	CD28-41BB	12931	1.2187367854890294	0.9225549606633994
Inflammatory activation	Ifngr1	CD28-41BB_pos_T_D2	CD28-41BB	9141	1.2316882867886427	1.194520404658145
Inflammatory activation	Ifngr1	CD8-41BB_pos_T_D1	CD8-41BB	14636	1.4749633933967645	0.8645311717140732
Inflammatory activation	Ifngr1	CD8-41BB_pos_T_D2	CD8-41BB	2594	1.4381602034214578	0.9043511176985133
Inflammatory activation	Ifngr1	STOP_pos_T_D1	STOP	7000	1.1375980270112562	1.2410684292669159
Inflammatory activation	Ifngr1	STOP_pos_T_D2	STOP	8089	1.7574555913969632	1.2317489026533779
Inflammatory activation	Ifngr1	Tumor_only_D1	tumor	5731	1.2916333711289156	0.9542008027405675
Inflammatory activation	Ifngr1	Tumor_only_D2	tumor	5797	1.3631584157869483	1.1411238885216064
Inflammatory activation	Il12b	41BB-L_pos_T_D1	41BB-L	8940	1.7228531184709492	0.0147931566990632
Inflammatory activation	Il12b	41BB-L_pos_T_D2	41BB-L	8178	1.9897778601069125	0.034093682910129354
Inflammatory activation	Il12b	B7H3_pos_T_D1	B7H3	11229	1.3668540058535363	0.020885207919481064
Inflammatory activation	Il12b	B7H3_pos_T_D2	B7H3	9565	1.8843309830605925	0.033942023517828206
Inflammatory activation	Il12b	CD28-41BB_pos_T_D1	CD28-41BB	12931	1.2187367854890294	0.021211160403230414
Inflammatory activation	Il12b	CD28-41BB_pos_T_D2	CD28-41BB	9141	1.2316882867886427	0.01710406752482188
Inflammatory activation	Il12b	CD8-41BB_pos_T_D1	CD8-41BB	14636	1.4749633933967645	0.030239013667488886
Inflammatory activation	Il12b	CD8-41BB_pos_T_D2	CD8-41BB	2594	1.4381602034214578	0.026995192068430224
Inflammatory activation	Il12b	STOP_pos_T_D1	STOP	7000	1.1375980270112562	0.012057305367783731
Inflammatory activation	Il12b	STOP_pos_T_D2	STOP	8089	1.7574555913969632	0.011542731208706584
Inflammatory activation	Il12b	Tumor_only_D1	tumor	5731	1.2916333711289156	0.015936823647035574
Inflammatory activation	Il12b	Tumor_only_D2	tumor	5797	1.3631584157869483	0.0047602302857052215
Inflammatory activation	Irf1	41BB-L_pos_T_D1	41BB-L	8940	1.7228531184709492	0.1653331050488769
Inflammatory activation	Irf1	41BB-L_pos_T_D2	41BB-L	8178	1.9897778601069125	0.14969141483589293
Inflammatory activation	Irf1	B7H3_pos_T_D1	B7H3	11229	1.3668540058535363	0.17774836972469624
Inflammatory activation	Irf1	B7H3_pos_T_D2	B7H3	9565	1.8843309830605925	0.146073555657222
Inflammatory activation	Irf1	CD28-41BB_pos_T_D1	CD28-41BB	12931	1.2187367854890294	0.126527548539626
Inflammatory activation	Irf1	CD28-41BB_pos_T_D2	CD28-41BB	9141	1.2316882867886427	0.14166712710871865
Inflammatory activation	Irf1	CD8-41BB_pos_T_D1	CD8-41BB	14636	1.4749633933967645	0.2051313814519607
Inflammatory activation	Irf1	CD8-41BB_pos_T_D2	CD8-41BB	2594	1.4381602034214578	0.16578187836225233
Inflammatory activation	Irf1	STOP_pos_T_D1	STOP	7000	1.1375980270112562	0.15026644261133587
Inflammatory activation	Irf1	STOP_pos_T_D2	STOP	8089	1.7574555913969632	0.1640251559548042
Inflammatory activation	Irf1	Tumor_only_D1	tumor	5731	1.2916333711289156	0.1819633467162222
Inflammatory activation	Irf1	Tumor_only_D2	tumor	5797	1.3631584157869483	0.13211903893069127
Inflammatory activation	Irf7	41BB-L_pos_T_D1	41BB-L	8940	1.7228531184709492	0.15123632064783693
Inflammatory activation	Irf7	41BB-L_pos_T_D2	41BB-L	8178	1.9897778601069125	0.8853937484321277
Inflammatory activation	Irf7	B7H3_pos_T_D1	B7H3	11229	1.3668540058535363	0.696578504193341
Inflammatory activation	Irf7	B7H3_pos_T_D2	B7H3	9565	1.8843309830605925	1.047242655654937
Inflammatory activation	Irf7	CD28-41BB_pos_T_D1	CD28-41BB	12931	1.2187367854890294	0.07033245019465222
Inflammatory activation	Irf7	CD28-41BB_pos_T_D2	CD28-41BB	9141	1.2316882867886427	0.23307563295482248
Inflammatory activation	Irf7	CD8-41BB_pos_T_D1	CD8-41BB	14636	1.4749633933967645	0.26418741482300917
Inflammatory activation	Irf7	CD8-41BB_pos_T_D2	CD8-41BB	2594	1.4381602034214578	0.662943292147576
Inflammatory activation	Irf7	STOP_pos_T_D1	STOP	7000	1.1375980270112562	0.15902611176999495
Inflammatory activation	Irf7	STOP_pos_T_D2	STOP	8089	1.7574555913969632	0.4073484418490382
Inflammatory activation	Irf7	Tumor_only_D1	tumor	5731	1.2916333711289156	0.15738289109084716
Inflammatory activation	Irf7	Tumor_only_D2	tumor	5797	1.3631584157869483	0.14824096161688527
Inflammatory activation	Stat1	41BB-L_pos_T_D1	41BB-L	8940	1.7228531184709492	0.07360277409498564
Inflammatory activation	Stat1	41BB-L_pos_T_D2	41BB-L	8178	1.9897778601069125	0.34516771536047475
Inflammatory activation	Stat1	B7H3_pos_T_D1	B7H3	11229	1.3668540058535363	0.21076359156741523
Inflammatory activation	Stat1	B7H3_pos_T_D2	B7H3	9565	1.8843309830605925	0.44127095663071947
Inflammatory activation	Stat1	CD28-41BB_pos_T_D1	CD28-41BB	12931	1.2187367854890294	0.0722612891067074
Inflammatory activation	Stat1	CD28-41BB_pos_T_D2	CD28-41BB	9141	1.2316882867886427	0.180707577353703
Inflammatory activation	Stat1	CD8-41BB_pos_T_D1	CD8-41BB	14636	1.4749633933967645	0.2816493296740392
Inflammatory activation	Stat1	CD8-41BB_pos_T_D2	CD8-41BB	2594	1.4381602034214578	0.4883358950997582
Inflammatory activation	Stat1	STOP_pos_T_D1	STOP	7000	1.1375980270112562	0.07990727035724952
Inflammatory activation	Stat1	STOP_pos_T_D2	STOP	8089	1.7574555913969632	0.19260782929927162
Inflammatory activation	Stat1	Tumor_only_D1	tumor	5731	1.2916333711289156	0.0966091541411881
Inflammatory activation	Stat1	Tumor_only_D2	tumor	5797	1.3631584157869483	0.12119966597028749
Inflammatory activation	Tnf	41BB-L_pos_T_D1	41BB-L	8940	1.7228531184709492	0.7787236897141934
Inflammatory activation	Tnf	41BB-L_pos_T_D2	41BB-L	8178	1.9897778601069125	1.0488207971751469
Inflammatory activation	Tnf	B7H3_pos_T_D1	B7H3	11229	1.3668540058535363	0.46007327588915053
Inflammatory activation	Tnf	B7H3_pos_T_D2	B7H3	9565	1.8843309830605925	1.052742171097928
Inflammatory activation	Tnf	CD28-41BB_pos_T_D1	CD28-41BB	12931	1.2187367854890294	0.7388419511247839
Inflammatory activation	Tnf	CD28-41BB_pos_T_D2	CD28-41BB	9141	1.2316882867886427	0.7779404339490182
Inflammatory activation	Tnf	CD8-41BB_pos_T_D1	CD8-41BB	14636	1.4749633933967645	0.8794790082535447
Inflammatory activation	Tnf	CD8-41BB_pos_T_D2	CD8-41BB	2594	1.4381602034214578	0.7463069957565488
Inflammatory activation	Tnf	STOP_pos_T_D1	STOP	7000	1.1375980270112562	0.7032862536544591
Inflammatory activation	Tnf	STOP_pos_T_D2	STOP	8089	1.7574555913969632	0.9393317814431933
Inflammatory activation	Tnf	Tumor_only_D1	tumor	5731	1.2916333711289156	1.0471802540894302
Inflammatory activation	Tnf	Tumor_only_D2	tumor	5797	1.3631584157869483	0.9704355364224596
T-cell recruitment	Ccl19	41BB-L_pos_T_D1	41BB-L	8940	1.7228531184709492	5.253981011821622e-4
T-cell recruitment	Ccl19	41BB-L_pos_T_D2	41BB-L	8178	1.9897778601069125	6.312324671353501e-4
T-cell recruitment	Ccl19	B7H3_pos_T_D1	B7H3	11229	1.3668540058535363	0
T-cell recruitment	Ccl19	B7H3_pos_T_D2	B7H3	9565	1.8843309830605925	5.324674123472907e-4
T-cell recruitment	Ccl19	CD28-41BB_pos_T_D1	CD28-41BB	12931	1.2187367854890294	9.57474256018049e-4
T-cell recruitment	Ccl19	CD28-41BB_pos_T_D2	CD28-41BB	9141	1.2316882867886427	0
T-cell recruitment	Ccl19	CD8-41BB_pos_T_D1	CD8-41BB	14636	1.4749633933967645	0.002271172927771725
T-cell recruitment	Ccl19	CD8-41BB_pos_T_D2	CD8-41BB	2594	1.4381602034214578	0
T-cell recruitment	Ccl19	STOP_pos_T_D1	STOP	7000	1.1375980270112562	0
T-cell recruitment	Ccl19	STOP_pos_T_D2	STOP	8089	1.7574555913969632	6.607384626156424e-4
T-cell recruitment	Ccl19	Tumor_only_D1	tumor	5731	1.2916333711289156	0
T-cell recruitment	Ccl19	Tumor_only_D2	tumor	5797	1.3631584157869483	0.0010099509414482892
T-cell recruitment	Ccl21a	41BB-L_pos_T_D1	41BB-L	8940	1.7228531184709492	2.361351782703567e-4
T-cell recruitment	Ccl21a	41BB-L_pos_T_D2	41BB-L	8178	1.9897778601069125	0
T-cell recruitment	Ccl21a	B7H3_pos_T_D1	B7H3	11229	1.3668540058535363	0
T-cell recruitment	Ccl21a	B7H3_pos_T_D2	B7H3	9565	1.8843309830605925	0
T-cell recruitment	Ccl21a	CD28-41BB_pos_T_D1	CD28-41BB	12931	1.2187367854890294	0
T-cell recruitment	Ccl21a	CD28-41BB_pos_T_D2	CD28-41BB	9141	1.2316882867886427	7.602798888697133e-4
T-cell recruitment	Ccl21a	CD8-41BB_pos_T_D1	CD8-41BB	14636	1.4749633933967645	1.3535128920925003e-4
T-cell recruitment	Ccl21a	CD8-41BB_pos_T_D2	CD8-41BB	2594	1.4381602034214578	3.3758756238170417e-4
T-cell recruitment	Ccl21a	STOP_pos_T_D1	STOP	7000	1.1375980270112562	0.0010570886924855148
T-cell recruitment	Ccl21a	STOP_pos_T_D2	STOP	8089	1.7574555913969632	4.128643696386934e-4
T-cell recruitment	Ccl21a	Tumor_only_D1	tumor	5731	1.2916333711289156	0
T-cell recruitment	Ccl21a	Tumor_only_D2	tumor	5797	1.3631584157869483	9.385660986263166e-4
T-cell recruitment	Ccl5	41BB-L_pos_T_D1	41BB-L	8940	1.7228531184709492	0.028855955049642227
T-cell recruitment	Ccl5	41BB-L_pos_T_D2	41BB-L	8178	1.9897778601069125	0.4524835919914958
T-cell recruitment	Ccl5	B7H3_pos_T_D1	B7H3	11229	1.3668540058535363	0.45783041747512004
T-cell recruitment	Ccl5	B7H3_pos_T_D2	B7H3	9565	1.8843309830605925	0.5202180228137823
T-cell recruitment	Ccl5	CD28-41BB_pos_T_D1	CD28-41BB	12931	1.2187367854890294	0.0571250827548417
T-cell recruitment	Ccl5	CD28-41BB_pos_T_D2	CD28-41BB	9141	1.2316882867886427	0.09478766606021506
T-cell recruitment	Ccl5	CD8-41BB_pos_T_D1	CD8-41BB	14636	1.4749633933967645	0.6428103281962073
T-cell recruitment	Ccl5	CD8-41BB_pos_T_D2	CD8-41BB	2594	1.4381602034214578	0.5042997123451912
T-cell recruitment	Ccl5	STOP_pos_T_D1	STOP	7000	1.1375980270112562	0.06662759046460834
T-cell recruitment	Ccl5	STOP_pos_T_D2	STOP	8089	1.7574555913969632	0.03368325454660923
T-cell recruitment	Ccl5	Tumor_only_D1	tumor	5731	1.2916333711289156	0.025728348811691677
T-cell recruitment	Ccl5	Tumor_only_D2	tumor	5797	1.3631584157869483	0.039426860703235124
T-cell recruitment	Ccr7	41BB-L_pos_T_D1	41BB-L	8940	1.7228531184709492	0.00795547146242906
T-cell recruitment	Ccr7	41BB-L_pos_T_D2	41BB-L	8178	1.9897778601069125	0.0365929779233508
T-cell recruitment	Ccr7	B7H3_pos_T_D1	B7H3	11229	1.3668540058535363	0.010397798876257615
T-cell recruitment	Ccr7	B7H3_pos_T_D2	B7H3	9565	1.8843309830605925	0.037592497983548676
T-cell recruitment	Ccr7	CD28-41BB_pos_T_D1	CD28-41BB	12931	1.2187367854890294	0.011937227811535367
T-cell recruitment	Ccr7	CD28-41BB_pos_T_D2	CD28-41BB	9141	1.2316882867886427	0.005750801355207144
T-cell recruitment	Ccr7	CD8-41BB_pos_T_D1	CD8-41BB	14636	1.4749633933967645	0.019816072745744498
T-cell recruitment	Ccr7	CD8-41BB_pos_T_D2	CD8-41BB	2594	1.4381602034214578	0.04814100620102399
T-cell recruitment	Ccr7	STOP_pos_T_D1	STOP	7000	1.1375980270112562	6.441120022481454e-4
T-cell recruitment	Ccr7	STOP_pos_T_D2	STOP	8089	1.7574555913969632	0.009587375880429197
T-cell recruitment	Ccr7	Tumor_only_D1	tumor	5731	1.2916333711289156	0.001957623081787597
T-cell recruitment	Ccr7	Tumor_only_D2	tumor	5797	1.3631584157869483	0.006300396379697388
T-cell recruitment	Cxcl10	41BB-L_pos_T_D1	41BB-L	8940	1.7228531184709492	0.17686921212773152
T-cell recruitment	Cxcl10	41BB-L_pos_T_D2	41BB-L	8178	1.9897778601069125	0.3521682046480354
T-cell recruitment	Cxcl10	B7H3_pos_T_D1	B7H3	11229	1.3668540058535363	0.2703127622850732
T-cell recruitment	Cxcl10	B7H3_pos_T_D2	B7H3	9565	1.8843309830605925	0.3926897554589011
T-cell recruitment	Cxcl10	CD28-41BB_pos_T_D1	CD28-41BB	12931	1.2187367854890294	0.22301175468676462
T-cell recruitment	Cxcl10	CD28-41BB_pos_T_D2	CD28-41BB	9141	1.2316882867886427	0.15488952848321702
T-cell recruitment	Cxcl10	CD8-41BB_pos_T_D1	CD8-41BB	14636	1.4749633933967645	0.3243115946510315
T-cell recruitment	Cxcl10	CD8-41BB_pos_T_D2	CD8-41BB	2594	1.4381602034214578	0.349012599994921
T-cell recruitment	Cxcl10	STOP_pos_T_D1	STOP	7000	1.1375980270112562	0.1261811359897845
T-cell recruitment	Cxcl10	STOP_pos_T_D2	STOP	8089	1.7574555913969632	0.20828441694149455
T-cell recruitment	Cxcl10	Tumor_only_D1	tumor	5731	1.2916333711289156	0.27729352713409444
T-cell recruitment	Cxcl10	Tumor_only_D2	tumor	5797	1.3631584157869483	0.18225610795193165
T-cell recruitment	Cxcl9	41BB-L_pos_T_D1	41BB-L	8940	1.7228531184709492	0.039271981898680176
T-cell recruitment	Cxcl9	41BB-L_pos_T_D2	41BB-L	8178	1.9897778601069125	0.2842775609219996
T-cell recruitment	Cxcl9	B7H3_pos_T_D1	B7H3	11229	1.3668540058535363	0.520813468876351
T-cell recruitment	Cxcl9	B7H3_pos_T_D2	B7H3	9565	1.8843309830605925	0.2739869427992608
T-cell recruitment	Cxcl9	CD28-41BB_pos_T_D1	CD28-41BB	12931	1.2187367854890294	0.03153749033527095
T-cell recruitment	Cxcl9	CD28-41BB_pos_T_D2	CD28-41BB	9141	1.2316882867886427	0.05891911186297672
T-cell recruitment	Cxcl9	CD8-41BB_pos_T_D1	CD8-41BB	14636	1.4749633933967645	0.2557749370392861
T-cell recruitment	Cxcl9	CD8-41BB_pos_T_D2	CD8-41BB	2594	1.4381602034214578	0.1620902701639449
T-cell recruitment	Cxcl9	STOP_pos_T_D1	STOP	7000	1.1375980270112562	0.03568408969261319
T-cell recruitment	Cxcl9	STOP_pos_T_D2	STOP	8089	1.7574555913969632	0.025455725612024763
T-cell recruitment	Cxcl9	Tumor_only_D1	tumor	5731	1.2916333711289156	0.028326001092909506
T-cell recruitment	Cxcl9	Tumor_only_D2	tumor	5797	1.3631584157869483	0.021493679699601618
T-cell recruitment	Xcl1	41BB-L_pos_T_D1	41BB-L	8940	1.7228531184709492	1.581914666044774e-4
T-cell recruitment	Xcl1	41BB-L_pos_T_D2	41BB-L	8178	1.9897778601069125	9.278778806548195e-4
T-cell recruitment	Xcl1	B7H3_pos_T_D1	B7H3	11229	1.3668540058535363	1.8568151424894032e-4
T-cell recruitment	Xcl1	B7H3_pos_T_D2	B7H3	9565	1.8843309830605925	0.0010954385219268314
T-cell recruitment	Xcl1	CD28-41BB_pos_T_D1	CD28-41BB	12931	1.2187367854890294	0
T-cell recruitment	Xcl1	CD28-41BB_pos_T_D2	CD28-41BB	9141	1.2316882867886427	1.285381790441435e-4
T-cell recruitment	Xcl1	CD8-41BB_pos_T_D1	CD8-41BB	14636	1.4749633933967645	4.0151701094254505e-4
T-cell recruitment	Xcl1	CD8-41BB_pos_T_D2	CD8-41BB	2594	1.4381602034214578	2.3697220127656202e-4
T-cell recruitment	Xcl1	STOP_pos_T_D1	STOP	7000	1.1375980270112562	0
T-cell recruitment	Xcl1	STOP_pos_T_D2	STOP	8089	1.7574555913969632	4.327213477605256e-4
T-cell recruitment	Xcl1	Tumor_only_D1	tumor	5731	1.2916333711289156	0
T-cell recruitment	Xcl1	Tumor_only_D2	tumor	5797	1.3631584157869483	1.9086799835861084e-4
T-cell recruitment	Xcr1	41BB-L_pos_T_D1	41BB-L	8940	1.7228531184709492	0.026868708877303974
T-cell recruitment	Xcr1	41BB-L_pos_T_D2	41BB-L	8178	1.9897778601069125	0.04596368741277417
T-cell recruitment	Xcr1	B7H3_pos_T_D1	B7H3	11229	1.3668540058535363	0.06075853454310486
T-cell recruitment	Xcr1	B7H3_pos_T_D2	B7H3	9565	1.8843309830605925	0.05236298552543295
T-cell recruitment	Xcr1	CD28-41BB_pos_T_D1	CD28-41BB	12931	1.2187367854890294	0.016106110994797623
T-cell recruitment	Xcr1	CD28-41BB_pos_T_D2	CD28-41BB	9141	1.2316882867886427	0.02932760586844379
T-cell recruitment	Xcr1	CD8-41BB_pos_T_D1	CD8-41BB	14636	1.4749633933967645	0.04519284783699769
T-cell recruitment	Xcr1	CD8-41BB_pos_T_D2	CD8-41BB	2594	1.4381602034214578	0.09117351269471133
T-cell recruitment	Xcr1	STOP_pos_T_D1	STOP	7000	1.1375980270112562	0.016628883708796848
T-cell recruitment	Xcr1	STOP_pos_T_D2	STOP	8089	1.7574555913969632	0.023287441113899496
T-cell recruitment	Xcr1	Tumor_only_D1	tumor	5731	1.2916333711289156	0.013940807634737979
T-cell recruitment	Xcr1	Tumor_only_D2	tumor	5797	1.3631584157869483	0.02483842418995237
