"pathway","pval","padj","log2err","ES","NES","size","leadingEdge"
"HALLMARK_INTERFERON_GAMMA_RESPONSE",3.80493217072457e-13,1.90246608536228e-11,0.932595211336209,-0.49051380460574,-2.45885145522669,193,"Cxcl9;Cfb;Oasl1;Il18bp;Lap3;Casp1;Gzma;Stat2;Irf8;Tnfaip6;Plscr1;Rsad2;Stat1;H2-D1;Ifit1bl1;Sectm1a;Helz2;Cd274;Fgl2;Cmtr1;Isg15;Cd40;Irf9;Vamp8;Socs1;Klrk1;Zbp1;Slamf7;Peli1;Il2rb;H2-M3;Eif4e3;Trim25;Pla2g4a;Tap1;Bpgm;Ifnar2;Ogfr;Il6;Bst2;Cd38;Lgals3bp;Ly6e;Tapbp;Il4ra;Ifit2;Pnp2;Nampt;Arid5b;Irf5;Irf7;Trafd1;Sri;Tdrd7;Psma2;Psmb2;Rbck1;Tnfsf10;Herc6;Rigi;Samhd1;Ifi35;Ifit3;Psme1;Lats2;Ido1;Bank1;Gbp8;Psmb9;B2m;Batf2;Gbp4;Parp12;Psmb10;Pfkp;Nlrc5;Lcp2;Cdkn1a;Psmb8;Pml;Xcl1;Xaf1;Casp8;Ptgs2"
"HALLMARK_INTERFERON_ALPHA_RESPONSE",5.16872969786573e-07,1.29218242446643e-05,0.659444398037935,-0.496937677097824,-2.24050379697081,95,"Procr;Oasl1;Lap3;Ncoa7;Casp1;Stat2;Plscr1;Rsad2;Helz2;Mov10;Cmtr1;Isg15;Irf9;Trim25;Tap1;Ogfr;Bst2;Lpar6;Cnp;Lgals3bp;Ly6e;Il4ra;Ifit2;Irf7;Trafd1;Tdrd7;Tmem140;Trim12c;Oas1a;Herc6;Trim5;Ifi35;Ifit3;Psme1;Psmb9;B2m;Batf2;Parp12"
"HALLMARK_COMPLEMENT",1.84733282991246e-06,3.07888804985409e-05,0.643551836150722,-0.4019451341716,-1.98290582731653,175,"Mmp12;Dock9;Cfb;Src;Calm3;Plat;Gpd2;Lap3;Zeb1;Csrp1;Casp1;Mmp13;Ctss;Mmp14;Gzma;Fdx1;Plscr1;Gnb4;F7;C2;Pla2g7;C3;Gmfb;Ctsc;Clu;Gzmb;Psen1;Pla2g4a;Brpf3;Cebpb;Msrb1;Kif2a;Fcer1g;Il6;F10;Ang;Dusp6;Gnai2;Irf7;Lamp2;Calm1;Rce1;Pik3r5;Gngt2;Plaur;Anxa5;Gzmk;Grb2"
"HALLMARK_TNFA_SIGNALING_VIA_NFKB",0.00117920753990207,0.0137521578407808,0.45505986738723,0.294212809079298,1.58593456623695,193,"Phlda1;Egr3;Icosl;Atp2b1;Klf10;Ccnd1;Ldlr;Tsc22d1;Olr1;Serpinb8;Bcl3;Fosl1;Phlda2;G0s2;Birc3;Cd44;Nfkbia;Bmp2;Slc2a6;Pdlim5;Zbtb10;Ptger4;Sdc4;Slc2a3;Rnf19b;Tnip2;Gch1;Rel;F2rl1;Hes1;Birc2;Rela;Rcan1;Egr1;Cd80;Tnfsf9;Il6st;Per1;Clcf1"
"HALLMARK_XENOBIOTIC_METABOLISM",0.00137521578407808,0.0137521578407808,0.45505986738723,0.29351419836829,1.54788537111041,167,"Aqp9;Tmem176b;Gnmt;Gclc;Il1r1;Jup;Acp1;Slc46a3;Atp2a2;Cat;Csad;Mt2;Igf1;Asl;Pdlim5;Abcd2;Aldh9a1;Dhps;Nfs1;Abhd6;Tmem97;Gss;Slc35d1;Ptges;Gch1;Tpst1;Mthfd1;Papss2;Pros1;Acox1;Dhrs1;Cyp2s1;Adh5;Hsd17b2;Casp6;Dhrs7;Cyp27a1;Epha2"
"HALLMARK_G2M_CHECKPOINT",0.00409785961088255,0.0341488300906879,0.407017918923954,0.273530297917096,1.48205803133295,191,"Stil;Ccnd1;Rpa2;Bcl3;Slc7a5;Cdc20;Map3k20;Pttg1;Kif2c;Ccna2;Brca2;Cdk4;Lbr;Mt2;Kif23;Slc38a1;Casp8ap2;Notch2;Birc5;Ube2s;Dr1;Smc1a;Egf;Bard1;Slc12a2;Cks1b;Mki67;Cdc6;Nusap1;Chek1;Mcm3;Smc4;Prc1;Xpo1;Dkc1;Ccnb2;Kpnb1;Tra2b;Ncl;Bub3;Smarcc1;Cenpf;Mcm6;Prmt5;Mcm5;Cul4a;Cul1;Mybl2;Atrx;Foxn3"
"HALLMARK_ANDROGEN_RESPONSE",0.00783436272907472,0.0559597337791052,0.380730400722792,0.326066860763395,1.57523696828709,97,"Dhcr24;Ccnd1;Tsc22d1;Abcc4;Sord;Tmprss2;Akap12;Hpgd;Pdlim5;Zbtb10;Insig1;Plpp1;H1f0;Cdk6;Klk1;Lifr;Tmem50a;Ank;Fkbp5;Inpp4b;Ccnd3;Dnajb9;Sec24d;Hmgcr;Maf;Acsl3"
"HALLMARK_MITOTIC_SPINDLE",0.0143810921815469,0.0898818261346679,0.380730400722792,-0.288916125303839,-1.43749208126368,188,"Kif5b;Dynll2;Cdk1;Bcr;Cep57;Pafah1b1;Ckap5;Als2;Arfip2;Dlg1;Cdc27;Cep72;Rasa2;Nin;Tpx2;Ndc80;Epb41;Fscn1;Tuba4a;Apc;Llgl1;Abr;Uxt;Arhgap10;Klc1;Actn4;Rictor;Dlgap5;Kif1b;Ranbp9;Cenpe;Rhot2;Tubgcp5;Cep250;Cyth2;Cdk5rap2;Cdc42;Rasa1;Nck2;Mapre1;Kif20b;Tlk1;Nf1;Mid1ip1;Nek2;Tsc1;Cenpj;Stau1;Alms1;Abl1;Racgap1;Csnk1d;Arf6;Mid1;Rabgap1"
"HALLMARK_APICAL_JUNCTION",0.021524926786136,0.115768307506266,0.352487857583619,0.272731701241673,1.41764423914099,151,"Mmp9;Icam4;Adam15;Akt2;Cd209b;Vcl;Jup;Cldn15;Itgb1;Speg;Map3k20;Vwf;Crat;Cldn7;Mapk13;Insig1;Amh;Cdh1;Crb3;Cd276;Syk;Baiap2;Itga2;Pals1;Thy1;Ikbkg;Sgce;Tmem8b;Cdk8;Tubg1"
"HALLMARK_COAGULATION",0.0231536615012533,0.115768307506266,0.352487857583619,0.281470988231708,1.38866871502993,117,"Mmp9;Sparc;S100a13;Olr1;Cfh;Apoc1;Fn1;Pf4;Capn2;Vwf;Klf7;Mmp8;F8;Pef1;Gda;Casp9;Timp1;Msrb2;Mmp11;Itga2;Pros1;Trf"
"HALLMARK_ESTROGEN_RESPONSE_EARLY",0.0266396098014017,0.121089135460917,0.352487857583619,0.268320438798278,1.39471474190342,151,"Egr3;Igf1r;Deptor;Klf10;Ccnd1;Lad1;Tmem164;Slc7a5;Mindy1;Tiam1;Cd44;Cldn7;Tob1;Akap1;Hr;Med13l;Olfm1;Slc19a2;Fcmr;Unc119;Asb13;Ovol2;Ptges;Kcnk15;Jak2;Papss2;Hes1;Pmaip1;Fkbp5;Celsr1;Slc39a6;Scarb1;Il6st;Rara"
"HALLMARK_ALLOGRAFT_REJECTION",0.0303390011277783,0.122252676988522,0.352487857583619,-0.278617934531427,-1.38211554888235,183,"Cxcl9;Nos2;Ctss;Gzma;Irf8;Cxcl13;Il12b;Stat1;Cd7;C2;Il18rap;Glmn;Cd96;Cd40;Gzmb;Socs1;Il2rb;H2-M3;Trat1;Brca1;Il2ra;Tap1;Ifnar2;Il6;Il2rg;H2-T23;Map3k7;Tapbp;Il4ra;Tap2;Inhba;Ifng;Aars;Irf7;Igsf6;Cd8b1"
"HALLMARK_E2F_TARGETS",0.0317856960170158,0.122252676988522,0.321775918075361,0.24429428955202,1.31890730562204,195,"Nup107;Spc25;Rpa2;Psmc3ip;Cdc20;Kif18b;Pttg1;Kif2c;Rfc3;Brca2;Cdk4;Lbr;Smc3;Birc5;Dnmt1;Ube2s;Smc1a;Bard1;Gins1;Cks1b;Cdca8;Tcf19;Mki67;Chek1;Anp32e;Ppp1r8;Mcm3;Smc4;Tubg1;Snrpb;Eed;Depdc1a;Rbbp7;Trip13;Shmt1;Xpo1;Ccnb2;Ctps;Exosc8;Tra2b;Mcm6;Mcm5;Msh2;Nap1l1;Cdca3;Mybl2;Tbrg4"
"HALLMARK_KRAS_SIGNALING_UP",0.0348729581883562,0.124546279244129,0.321775918075361,-0.280349161663497,-1.37057584848132,166,"Cfb;Mpzl2;Plat;Ctss;Ero1a;Vwa5a;Irf8;Id2;Usp12;Csf2ra;Tor1aip2;Spon1;Cdadc1;Ptbp2;Pdcd1lg2;Nin;Adam17;Zfp277;Fcer1g;Bpgm;Gpnmb;Rbm4;Il2rg;Csf2;Gadd45g;Inhba;Gfpt2;Dusp6;Traf1;Plaur;Tlr8;Ccser2;Adam8;Lat2;Lif;Atg10;Kcnn4;Tmem158;Satb1;Il7r;Plek2;Arg1"
"HALLMARK_IL6_JAK_STAT3_SIGNALING",0.0461538461538462,0.146994773519164,0.276500599254472,-0.318330489449298,-1.38923204189753,80,"Cxcl9;Stat2;Cxcl13;Stat1;Pdgfc;Csf2ra;Irf9;Socs1;Il2ra;Il6;Cd38;Il2rg;Csf2;Il4ra;Pik3r5;Map3k8;Il12rb1;Tlr2;Grb2;Ptpn11;Il3ra"
"HALLMARK_CHOLESTEROL_HOMEOSTASIS",0.0470383275261324,0.146994773519164,0.276500599254472,-0.331202094485244,-1.39824796062074,65,"Atf5;Pmvk;Fabp5;Plscr1;Cxcl16;Fbxo6;Clu;Ctnnb1;Cpeb2;Tm7sf2;Mvd;Antxr2;Plaur;Anxa5;Gusb;Trib3;Fdft1;Jag1"
"HALLMARK_ADIPOGENESIS",0.0569715142428786,0.151734723437095,0.231126709673834,-0.268534925797275,-1.3259700311213,178,"Gpd2;Phldb1;Nkiras1;Dhrs7b;Ndufa5;C3;Pfkl;Chuk;Baz2a;Riok3;Fabp4;Uqcrq;Pgm1;Cox8a;Ndufab1;Pqlc3;Dgat1;Pim3;Pfkfb3;Vegfb;Ghitm;Aldoa;Rmdn3;Tst;Cox7b;Stat5a;Etfb;Cox6a1;Plin2;Qdpr;Hibch;Gadd45a;Apoe;Mccc1;Ywhag;Ddt;Elovl6;Ppp1r15b;Slc27a1;Rnf11;Dram2;Coq9;Dld;Chchd10;Ucp2;Esyt1;Uck1;Fah"
"HALLMARK_GLYCOLYSIS",0.0569715142428786,0.151734723437095,0.231126709673834,-0.269213832341763,-1.32932233149433,178,"Agrn;Cdk1;Txn1;Vegfa;Gne;Ero1a;Zfp292;Eno2;Gpc1;Stmn1;Tgfbi;Got1;Gfus;Kif2a;Sdc1;Rpe;Mif;P4ha2;Aldoa;Ang;Mpi;Mxi1;Pgam1;Nanp;Arpp19;Slc37a4;Egln3;Sap30;Gusb;P4ha1;Ecd;Rbck1;Akr1a1;Gmppb;B3gat3;Rars;Dld;Slc25a13;Ankzf1;Pfkfb1;Ndufv3;Ext1;B3gnt3;Pfkp;Agl;Chpf;Hax1"
"HALLMARK_HEME_METABOLISM",0.0581039755351682,0.151734723437095,0.231126709673834,-0.268402044561206,-1.31724733368726,168,"Acp5;Nfe2l1;Gde1;Atp6v0a1;C3;Tfrc;Cdc27;Fbxo9;Riok3;Hebp1;Mospd1;Clcn3;Bpgm;Slc25a37;Epb41;Ppp2r5b;P4ha2;Slc25a38;Blvra;Slc2a1;Rap1gap;Ubac1;Mxi1;Ypel5;Lamp2;Rnf123;Sdcbp;Pigq;Mocos;Psmd9;Tcea1;Trak2;Endod1;Ccdc28a;Mpp1;Tent5c;Aldh6a1;Optn;Btrc;Igsf3;Slc6a8;Top1;Ucp2;Car2"
"HALLMARK_KRAS_SIGNALING_DN",0.0606938893748379,0.151734723437095,0.321775918075361,0.262659143206407,1.31593686077636,123,"Cd40lg;Slc12a3;Copz2;Calm4;Camk1d;Myh7;Myo15a;Cpa2;Upk3b;Msh5;Insl5;Egf;Bard1;Cpb1;Chst2;Akr1b8;Kcnd1;Cd80;Lgals7;Gpr3;Plag1;Gamt;Prkn;Ntf3;Nudt10;Fshb;Ptgfr;Edn2;Atp6v1b1;Cdh16;Stag3;Prop1;Lfng;Zc2hc1c;Klk7;Scn10a;Pnmt;Ribc2;Tlx1;Tfap2b;Pax3;Tfcp2l1;Oxt;Shox2;Slc5a5;P2ry4;Itgb1bp2;Hc;Gprc5c;Fgfr3;Npy4r;Epha5;Tshb;Fgf16"
"HALLMARK_PROTEIN_SECRETION",0.0679933665008292,0.161888967859117,0.222056046145248,-0.301663622534355,-1.345431377864,86,"Ctsc;Dnm1l;Clcn3;Rab2a;Cd63;Sec22b;Stam;Bet1;Ppt1;Rab22a;Lamp2;Kif1b;Vamp4;Gnas;Bnip3;Igf2r;Zw10;Arfip1;Napg;Clta;Rab14;Gbf1;Mapk1;Gla;Cav2;Pam;Abca1;Arf1;Stx7;Yipf6;Sod1;Arfgap3;Ap2b1;Dst;Cope"
"HALLMARK_IL2_STAT5_SIGNALING",0.0744958406362729,0.169308728718802,0.287805130535564,0.236831863203097,1.27743414375109,190,"Phlda1;Igf1r;Ccr4;Phtf2;Il10;St3gal4;Serpinb6a;Tiam1;Cd44;Batf3;Bmp2;Huwe1;Cdcp1;Plpp1;Rhoh;Flt3l;Ptger2;Pou2f1;Il13;Emp1;Slc2a3;Cdc6;Nfkbiz;Ptch1;Ahnak;Ifitm3;Scn9a;Galm;Irf4;Gbp3;Tnfsf11;Swap70;Maff;Bmpr2;F2rl2;Il1r2;Ccnd3;Praf2;Cdkn1c;Abcb1a;Cish"
"HALLMARK_DNA_REPAIR",0.0893416927899686,0.194221071282541,0.186432558434075,-0.267270929982803,-1.27475164332789,144,"Nudt9;Zwint;Upf3b;Dctn4;Pola2;Nt5c;Edf1;Rnmt;Polr2i;Polr2d;Aprt;Ercc2;Pnp2;Itpa;Sdcbp;Stx3;Ncbp2;Rad52;Alyref;Polr2k;Gtf2f1;Polr1d;Nudt21;Usp11;Nme3;Polh;Cox17;Sec61a1;Brf2;Rpa3;Nt5c3;Polb;Polr2c;Eloa;Polr3c;Dguok;Polr3gl;Rala;Rfc4;Ercc8;Smad5;Tarbp2;Srsf6;Pole4;Arl6ip1;Guk1;Pcna;Ak3;Zfp707;Ddb2;Lig1;Polr2j;Surf1;Nelfb;Umps;Hprt;Gtf3c5"
"HALLMARK_OXIDATIVE_PHOSPHORYLATION",0.0973053892215569,0.202719560878244,0.173747838999571,-0.251563473550091,-1.24786340998384,184,"Atp5k;Timm8b;Fdx1;Ndufa5;Mpc1;Ndufb1;Ndufa1;Uqcrq;Cox8a;Atp5j;Ndufab1;Cox5b;Cox7c;Rhot1;Ldhb;Acaa1a;Slc25a4;Cox7b;Atp5pb;Etfb;Cox6a1;Vdac3;Rhot2;Ndufa2;Tcirg1;Mtx2;Cox5a;Ndufa4;Atp6v1g1;Ndufb6;Aldh6a1;Cox17;Etfa;Dld;Uqcrb;Pdhb;Tomm70a;Slc25a12;Alas1;Sdha;Pdp1;Atp6v1c1;Ndufs8;Uqcr11;Fxn;Cycs;Immt;Ndufa6;Mtrr;Sdhd;Ogdh;Abcb7;Ndufc2;Ndufa8;Htra2;Ndufb5;Atp6v1f;Ndufs6;Por;Mtrf1;Timm10;Ndufs2;Sdhb;Vdac2;Lrpprc;Cox11"
"HALLMARK_MTORC1_SIGNALING",0.107946026986507,0.215892053973014,0.16440575583821,-0.244787007306137,-1.2195060765899,191,"Prdx1;Ero1a;Psmc6;Pfkl;Psmd14;Tfrc;Fgl2;Polr3g;Ctsc;Got1;Pno1;Pgm1;Ppa1;Tm7sf2;Rit1;Psmb5;Aldoa;Tuba4a;Ufm1;Slc2a1;Psmd12;Pnp2;Nampt;Ung;Eif2s2;Qdpr;Slc37a4;Tcea1;Nfkbib;Egln3;Elovl6;P4ha1;Cdc25a;Rrp9;Pitpnb;Sec11a;Trib3;Gsk3b;Txnrd1;Abcf2;Cacybp;Mllt11;Rrm2;Psmc2;Serp1;Cdkn1a;Nup205;Gla"
"HALLMARK_P53_PATHWAY",0.116138763197587,0.223343775379974,0.158514105424824,-0.250146561446508,-1.23605390275135,180,"Eps8l2;Procr;Sat1;Casp1;Cebpa;Vwa5a;Dram1;Vamp8;Abcc5;Socs1;Gls2;Tap1;Sdc1;Ankra2;Ninj1;Traf4;Ldhb;Notch1;Ier5;Cgrrf1;Trafd1;Gadd45a;Ei24;Lif;Aen;Rad9a;Dnttip2;Coq8a;Rap2b;Trib3;Hras;Rxra;Polh;Sec61a1;Nol8;Pidd1;Rad51c;Mxd1;Mdm2;Sfn;Cdkn1a;Rab40c;Cdkn2aip;Il1a;Ctsd;Fos;Irak1;Sertad3;Nupr1;H2aj;Ralgds;Bak1"
"HALLMARK_INFLAMMATORY_RESPONSE",0.149700598802395,0.277223331115547,0.137250779610133,-0.238285408930725,-1.18199847832234,184,"Cxcl9;Slc7a2;Irak2;Mmp14;Il12b;Tnfaip6;Il18rap;Cx3cl1;Cd70;Cd40;Il2rb;Best1;Psen1;Cybb;Il6;Slc31a2;Bst2;Cd48;Ly6e;Axl;Tapbp;Il4ra;Fzd5;Nampt;Inhba;Irf7;Kif1b;Sri;Pik3r5;Plaur;Tlr2;Lif;Rgs1;Tnfsf10;Kcna3;Il7r;Hpn;Itgb8;Mxd1;Ahr;Ccl17;Lcp2;Cdkn1a;Il1a;Tlr1;Ebi3;Slc31a1;Msr1;C3ar1;Ccrl2;Pdpn;Ccl22;Ifnar1;Ifngr2;Ccl2;Nmi;Il18r1;Prok2;Cmklr1;Nfkb1;Abca1;Ptpre;Ptafr"
"HALLMARK_HEDGEHOG_SIGNALING",0.166666666666667,0.297619047619048,0.159646701919906,0.352865738533111,1.25097695105736,27,"L1cam;Adgrg1;Ophn1;Cdk6;Thy1;Ptch1;Celsr1;Tle1"
"HALLMARK_MYC_TARGETS_V2",0.173611111111111,0.299329501915709,0.160801401070022,0.28208985307448,1.21815819594975,56,"Imp4;Prmt3;Ppan;Sord;Cdk4;Phb;Tmem97;Map3k6;Tcof1;Mcm5;Bysl;Tbrg4"
"HALLMARK_UV_RESPONSE_UP",0.181533646322379,0.302556077203965,0.126253987849115,-0.245386688726676,-1.16574512993404,138,"Mmp14;Eno2;Ggh;Tfrc;H2-M3;Prkaca;Cdc34;Tap1;Il6;Eif5;Gls;Cnp;Dgat1;Aldoa;Tuba4a;Ppt1;Tst;Klhdc3;Acaa1a;Slc25a4;Selenow;Bid;H2ax;Arrb2;Slc6a8;Parp2;Car2;Alas1;Tmbim6;Atp6v1c1;E2f5;Fos;Grina;Nat2;Bak1;Stard3;Rrad;Hnrnpu;Asns;Rfc4;H2-Q2;Nxf1;Prpf3"
"HALLMARK_TGF_BETA_SIGNALING",0.200710479573712,0.317651098901099,0.128142916898415,-0.296268715993297,-1.17992912374177,49,"Id2;Pmepa1;Ctnnb1;Map3k7;Apc;Smurf1;Xiap;Smad1;Eng;Skil;Cdk9;Smurf2;Ifngr2;Fnta;Ski;Ube2d3;Thbs1;Id1;Tgfbr1;Id3"
"HALLMARK_APOPTOSIS",0.203296703296703,0.317651098901099,0.161978948883402,0.217926319340939,1.12788723590598,145,"Egr3;Hspb1;Ccnd1;Cav1;Birc3;Cd44;Dnaja1;Txnip;Slc20a1;Bmp2;Casp9;Timp1;H1f0;Emp1;Lmna;Gch1;Cdk2;Igfbp6;Pmaip1;Gna15;Ank;Dnajc3;Ifitm3;Rela;Rara;Casp6;Nedd9;Dap3"
"HALLMARK_EPITHELIAL_MESENCHYMAL_TRANSITION",0.215530903328051,0.326561974739471,0.115240003147781,-0.237538251553976,-1.1287083713511,140,"Mmp2;Tpm1;Vegfa;Sat1;Mmp14;Igfbp4;Eno2;Id2;Sgcb;Gpc1;Tgfbi;Pmepa1;Tgm2;Sdc1;Il6;Pdlim4;Mcm7;Inhba;Basp1;Itgav;Gadd45a;Plaur"
"HALLMARK_ESTROGEN_RESPONSE_LATE",0.241486068111455,0.35512657075214,0.106323255932708,-0.23376597979616,-1.12588643788857,155,"Chpt1;Arl3;Tff1;Fabp5;Igfbp4;Snx10;Plaat3;Id2;Dynlt3;Trim29;Sgk1;Ass1;Gfus;Gins2;Dnajc12;Myof;Tst;Anxa9;Tpsb2;Wfs1;Etfb;Slc22a5;Rabep1;Dusp2;Bag1;Rnaseh2a;Mocs2;Slc26a2;Llgl2;Tjp3;Nrip1;Large1;Fdft1;Slc16a1;Bcl2;Aldh3a2;Car2;Sfn;Gla;Prkar2b;Rbbp8;Fos;Sult2b1;Abhd2"
"HALLMARK_ANGIOGENESIS",0.311111111111111,0.427265500794913,0.11331290842208,0.304190639161353,1.10832494097321,30,"Olr1;Pf4;Timp1;S100a4;Kcnj8;Lpl;Stc1;Vcan;Serpina5;Lum;Nrp1;Tnfrsf21;Col5a2;Fgfr1"
"HALLMARK_MYC_TARGETS_V1",0.312312312312312,0.427265500794913,0.134273452883202,0.199094664130557,1.06553160773428,183,"Prdx3;Acp1;Cdc20;Ccna2;Cdk4;Trim28;Hsp90ab1;Phb;Sf3b3;Prps2;Stard7;Ifrd1;Cdk2;Cstf2;Cyc1;Xpo1;Ppia;Ncbp1;Hnrnpa1;Kpnb1;Nhp2;Ctps;Uba2;Tra2b;Pgk1;Snrpd3;Bub3;Phb2;Smarcc1;Mcm6;Mcm5;Nap1l1;Cul1;Snrpa1;Hnrnpa2b1"
"HALLMARK_PANCREAS_BETA_CELLS",0.316176470588235,0.427265500794913,0.10027910675413,-0.323477104596961,-1.11337718618805,26,"Akt3;Stxbp1"
"HALLMARK_APICAL_SURFACE",0.340857787810384,0.448497089224189,0.108394255853397,0.296515503923762,1.09023109656479,31,"Hspb1;Sulf2;Gata3;Dcbld2;Thy1;Tmem8b;Mdga1;Flot2"
"HALLMARK_NOTCH_SIGNALING",0.356194690265487,0.454260651629073,0.104343952581949,0.296786204682796,1.07278427831629,29,"Dtx1;Ccnd1;Psenen;Notch2;Prkca;Hes1"
"HALLMARK_PEROXISOME",0.363408521303258,0.454260651629073,0.11101149245045,0.218221948094524,1.04791712538198,93,"Dhcr24;Gstk1;Ercc1;Fabp6;Crat;Cat;Abcd2;Aldh9a1;Fdps;Itgb1bp1;Acox1;Abcd1;Rdh11;Ywhah;Cadm1;Ide;Ctps;Pex6;Cln6;Smarcc1;Msh2;Abcb1a"
"HALLMARK_WNT_BETA_CATENIN_SIGNALING",0.374113475177305,0.456235945338177,0.0883594442500905,-0.282194179603475,-1.04872462712642,36,"Ctnnb1;Adam17;Ppard;Dvl2;Notch1;Psen2;Jag1;Hdac2;Lef1"
"HALLMARK_BILE_ACID_METABOLISM",0.401002506265664,0.477383936030553,0.104732821580651,0.210765388694642,1.01836442416479,95,"Dhcr24;Aqp9;Gnmt;Gstk1;Abca2;Lipe;Cat;Abcd2;Aldh9a1"
"HALLMARK_UNFOLDED_PROTEIN_RESPONSE",0.423452768729642,0.492386940383304,0.0770736734944102,-0.219471284372728,-1.01152605824153,108,"Kif5b;Vegfa;Ero1a;Ifit1bl1;Chac1;Ern1;Cebpb;Exosc4;Wfs1;Srprb;Banf1;Eif4e;Exosc9;Rrp9;Sec11a;Yif1a;H2ax;Nop14;Serp1;Zbtb17;Dnaja4;Exosc1;Arfgap1;Tatdn2;Nop56;Ccl2;Asns;Paip1;Srpr"
"HALLMARK_FATTY_ACID_METABOLISM",0.450819672131148,0.512295081967213,0.102821842840815,0.196941672115943,1.00352273627217,135,"Dhcr24;Mdh2;G0s2;Crat;Hpgd;Idh3b;Ltc4s;Acss1;Aldh9a1;Hsp90aa1;Fh1;Ostc;Pdha1;S100a10;Hccs;Decr1;Acox1;Hadhb;Rdh11;Ywhah"
"HALLMARK_HYPOXIA",0.466360856269113,0.518178729187904,0.0689567351672811,-0.202719248594845,-0.9948932771179,168,"Vegfa;Ero1a;Zfp292;Eno2;Prdx5;Tgfb3;Pfkl;Gpc1;Tgfbi;Tgm2;Pgm1;Il6;Tpst2;Mif;P4ha2;Pfkfb3;Aldoa;Slc2a1;Mxi1;Plin2;Slc37a4;Plaur;Ndst2;Sap30;P4ha1;Large1;Plac8;Ankzf1;Bcl2;Ids;Ext1;Map3k1;Cp;Pfkp;Nedd4l;Cdkn1a;Fos;Sult2b1;Lxn;Pam;Pim1"
"HALLMARK_SPERMATOGENESIS",0.525125628140704,0.570788726239895,0.0888945288620449,0.198632413907541,0.967608026489921,99,"Tle4;Gfi1;Crisp2;Kif2c;Il13ra2;Slc2a5;Zpbp;Alox15;Slc12a2;Prm2;Elovl3;Ccnb2;Ide;Rad17;Dnajb8;Jam3;Dmrt1;Gapdhs;Odf1;Znrf4;She;Oaz3;Ncaph;Tsn;Acrv1;Zc2hc1c;Pgk2;Mlf1;Theg;H1f6;Ddx4;Tssk2;Tnp1"
"HALLMARK_PI3K_AKT_MTOR_SIGNALING",0.5475,0.582446808510638,0.0862865626267245,0.19643722743819,0.945220410218839,94,"Il4;Dapp1;Tiam1;Cdk4;Pikfyve;Atf1;Tsc2;Ppp2r1b;Calr;Cdk2;Cltc;Arhgdia;Ralb;Grk2;Myd88"
"HALLMARK_MYOGENESIS",0.576407506702413,0.600424486148347,0.0873098257637931,0.188315431585353,0.958584420802725,134,"Sparc;Myh7;Akt2;Tnnt1;Itgb1;Speg;Tagln;Crat;Klf5;Igf1;Ptp4a3;Fdps;Tsc2;Ifrd1;Bin1"
"HALLMARK_REACTIVE_OXYGEN_SPECIES_PATHWAY",0.589065255731922,0.601086995644819,0.0645031249656493,-0.234998746564552,-0.926619153778665,45,"Prdx1;Txn1;Ercc2;Hhex;Fes;Oxsr1;Mgst1;Lamtor5;Txnrd1;Mbp"
"HALLMARK_UV_RESPONSE_DN",0.614213197969543,0.614213197969543,0.0808589150280032,0.188590156990424,0.925321396941813,107,"Igf1r;Atp2b1;Ldlr;Cav1;Anxa2;Pdlim5;Insig1;Notch2;Prkca;Dyrk1a;Cdon;Atp2c1;Inpp4b;Nek7;Abcc1;Mt1;Synj2;Atrx;Has2"
