pathway	pval	padj	log2err	ES	NES	size	leadingEdge	direction
HALLMARK_E2F_TARGETS	4.710263465383907e-46	2.2609264633842755e-44	1.7683043267175176	-0.7764843188070457	-3.0460777816105615	197	Top2a;Ncapd2;Tmpo;Mki67;Cdca3;Cdca8;Lmnb1;Hells;Tubb5;Depdc1a;Spc24;Dek;Stmn1;Tacc3;Pole;Rpa1;H2ax;Anp32e;Birc5;Pold1;Mcm3;Dnmt1;Spag5;Kif2c;Tipin;Mcm2;Bard1;Bub1b;Dut;Kif18b;Ccnb2;Diaph3;Tcf19;Smc1a;Timeless;Tk1;Mms22l;Cdc20;Ezh2;Cdc25b;Cdk1;Rrm2;Mcm6;Lig1;Brca1;Mcm5;Tubg1;Pcna;Rfc2;Mcm7;Exosc8;Gins1;Usp1;Melk;Cks1b;Cbx5;Racgap1;Smc4;Dlgap5;Cenpm;Ddx39a;Cdkn3;Hmmr;Cdkn2c;Ung;Mcm4;Ak2;Pold2;Cenpe;Psip1;Dck;Spc25;Espl1;Pola2;Chek1;Dscc1;Rpa2;Nup205;Rbbp7;Ssrp1;Nup107;Ctcf;Kif22;Naa38;Pold3;Prdx4;Chek2;Rad50;Brca2;Mad2l1;Mthfd2;Paics;Nudt21;Rnaseh2a;Gins3;Mre11a;H2az1;Plk4;Xrcc6;Rpa3;Ube2t;Atad2;Pa2g4;Aurka;Nme1;Smc6;Orc6;Prim2;Ranbp1;Dctpp1;Hnrnpd;Eif2s1;Cnot9;Ubr7;Plk1;Zw10;Ccne1;Rad21;Rfc3;Slbp;Myc;Cks2;Ccp110;Wee1;Aurkb;Pttg1;Lyar;Cdkn2a;Rfc1;Gins4;Ran;Mlh1;Pms2	Enriched in Kdm6b-low
HALLMARK_G2M_CHECKPOINT	2.986301873055012e-19	7.167124495332029e-18	1.133089932009015	-0.6267510692089742	-2.4598141657668604	187	Top2a;Tmpo;Mki67;Lmnb1;Cenpf;Stmn1;Tacc3;Nusap1;Tfdp1;Ube2c;Pole;H2ax;Birc5;Mcm3;Rad54l;Incenp;Dtymk;Bub1;Kif15;Kif2c;Nsd2;Smc2;Mcm2;Hspa8;Bard1;Nek2;Kif11;Knl1;Pbk;Ccnb2;Smc1a;Cdc20;Ezh2;Cdc25b;Prc1;Cdk1;Mcm6;Mcm5;Chaf1a;Tpx2;Ccna2;Cks1b;Racgap1;Smc4;Fbxo5;Ddx39a;Cdkn3;Hmmr;Cdkn2c;Snrpd1;Cenpe;H2az2;Pml;Kif23;Espl1;Pola2;Chek1;Rpa2;Smarcc1;Ctcf;Kif22;Rbl1;Troap;Kif20b;Brca2;Mad2l1;Ndc80;Bub3;Stil;H2az1;Cbx1;Plk4;Cdc45;Cdc7;Hnrnpu;Aurka;Prmt5;Hif1a;Orc6;Prim2;Dkc1;E2f3;Odf2;Exo1;Hnrnpd;Gins2;E2f4;Kpnb1;Plk1;Ttk;Rad21	Enriched in Kdm6b-low
HALLMARK_MYC_TARGETS_V1	1.996966377714742e-16	3.195146204343587e-15	1.047626488498816	-0.6003668511380233	-2.3450348892072923	182	Cbx3;Ppia;Dek;Tfdp1;Rrm1;Hsp90ab1;Mcm2;Pgk1;Dut;Hspd1;Psma4;Cdc20;Mcm6;Mcm5;Cox5a;Pcna;Mcm7;Usp1;Lsm2;Ccna2;Hprt;Tcp1;Acp1;Nhp2;Mcm4;Psma6;Snrpd1;Pold2;Uba2;Snrpb2;Smarcc1;Psmd14;Psma2;Prdx4;Hnrnpa2b1;Cdk2;Lsm7;Mad2l1;Ruvbl2;Psmb2;Rnps1;Ncbp1;Bub3;Hspe1;Serbp1;Psma1;H2az1;Hdgf;Snrpa;Ldha;Xrcc6;Tyms;Cdc45;Snrpa1;Ndufab1;Hnrnpu;Phb2;Pa2g4;Hnrnpa1;Nme1;Psmd3;Kars;Psmd8;Psmd7;Ranbp1;Eif4e;Hnrnpd;Eif2s1;Cct2;Kpnb1;Cct7;Fam120a;Prdx3;Pole3;Snrpd3;Myc;Cct3;Stard7;Pcbp1;Exosc7;Tufm;Ran;G3bp1;Prpf31;Sf3b3;Sf3a1;Srsf7;Prps2;Got2;Srm;Snrpg;Srsf1;Apex1	Enriched in Kdm6b-low
HALLMARK_TNFA_SIGNALING_VIA_NFKB	4.777494010587916e-14	5.732992812705498e-13	0.9653277542260832	0.6104984325891997	2.341756172775993	168	Fosl2;Kdm6b;Nr4a3;Dusp5;Zbtb10;B4galt1;Clcf1;Mxd1;Irs2;Nr4a2;Hes1;Smad3;Birc3;Klf4;Nr4a1;Slc2a6;Ier2;Pnrc1;Ccl5;Maff;Sik1;Pmepa1;Sqstm1;Zc3h12a;Ccnl1;Vegfa;Rela;Plek;Tnfaip3;Ninj1;Atp2b1;Litaf;Tiparp;Junb;Gem;Per1;Bhlhe40;Nfkbie;Pde4b;Cebpb;Gch1;Klf10;Bcl6;Btg3;Nfkb1;Tgif1;Nfil3;Eif1;Tubb2a;Btg1;Csf2;Relb;Panx1;Spsb1;Nfkb2;Areg;Tnip1;Icam1;Rel;Cd44;Gadd45a;Cdkn1a;Gfpt2;Ets2;Nfkbia;Slc16a6;Yrdc;Ier5;Il7r;Nfe2l2;Id2;Tnfrsf9;Ptgs2;Abca1;Il6st;Ptpre;Klf9;Stat5a	Enriched in Kdm6b-high
HALLMARK_INTERFERON_ALPHA_RESPONSE	2.5719017192054264e-9	2.4690256504372092e-8	0.7749390301364363	-0.6261184930076196	-2.200884461031388	87	Psmb8;Isg20;Bst2;Herc6;Psmb9;Ifit3;Ly6e;Ifit2;Dhx58;Tap1;Trim14;Trim21;Ifitm2;Cmpk2;Ube2l6;Isg15;Parp9;Gbp2;Ifitm1;Ncoa7;Usp18;Epsti1;Rsad2;Rtp4;Eif2ak2;Parp14;Cd47;Adar;Stat2;Ddx60;Cd74;Nmi;Ifi35;Wars1;Casp1;Uba7;Ifih1;Ifi27;Cxcl10;Oas1a;Mvb12a;Ifitm3;Lpar6;Cmtr1;Ifi30;Psme1;Lap3;Parp12	Enriched in Kdm6b-low
HALLMARK_OXIDATIVE_PHOSPHORYLATION	2.5139759174473453e-8	2.0111807339578762e-7	0.7337619883564803	-0.49442609762523737	-1.9312299585961612	182	Ndufa3;Atp5j2;Ndufa8;Cox5a;Atp5e;Ndufs8;Atp5pb;Cox5b;Ndufb7;Uqcr10;Atp5k;Ndufa2;Ech1;Ndufc2;Ndufv2;Fh1;Cyb5a;Mtx2;Ndufc1;Cox17;Idh3a;Casp7;Ndufb1;Timm50;Ldha;Etfa;Timm13;Ndufab1;Uqcrc2;Phb2;Ndufs2;Atp5j;Ndufb5;Fdx1;Slc25a5;Bax;Sdhb;Aifm1;Idh2;Polr2f;Idh3b;Atp5o;Prdx3;Ndufa1;Atp5l;Ndufb8;Gpi1;Etfb;Atp5g3;Acat1;Got2;Abcb7;Cox7b;Slc25a11;Ndufs7;Mdh2;Sdhd;Ndufs3;Cox15;Timm9;Uqcrc1;Atp5b;Cyc1;Htra2;Cox6b1;Timm10;Ogdh;Acaa2;Timm17a;Nqo2;Atp5g1;Pdhx;Cox10;Uqcrb;Uqcrfs1;Cox7c;Phyh;Vdac3;Uqcrq;Ndufb4;Ndufb6;Sdhc;Sucla2;Nnt	Enriched in Kdm6b-low
HALLMARK_MTORC1_SIGNALING	3.1546734366839344e-7	2.163204642297555e-6	0.674962860011025	-0.475330473780694	-1.8600724885252724	183	Coro1a;Ppia;Rpa1;Ddit4;Bub1;Glrx;Dhfr;Mcm2;Pgk1;Hspd1;Psma4;Actr3;Shmt2;Rrm2;Tubg1;Hprt;Btg2;Sla;Ddx39a;Ung;Mcm4;Ccng1;Fkbp2;Nup205;Psmd14;Stip1;Ldlr;Actr2;Mthfd2;Cyb5b;Hspe1;Cacybp;Tomm40;Prdx1;Ldha;Slc2a3;Edem1;Pdap1;Insig1;Phgdh;Uchl5;Psph;Aurka;Bcat1;Psat1;M6pr;Hmgcr;Idi1;Wars1;Nmt1;Tcea1;Plk1;Sdf2l1;Eef1e1;Cyp51;Dhcr7;Psmd12;Pdk1;Gpi1;Arpc5l;Nampt;Rpn1;Gsr;Ifi30;Itgb2;Ccnf;Asns;Psmd13;Gga2;Psmg1;Slc1a5;Psmc2;Pfkl;Ppa1;Hsp90b1;Pno1;Ctsc;Gmps;Psme3;Ebp;Hmgcs1;Psmc6;Hmbs;Dhcr24;Cdc25a	Enriched in Kdm6b-low
HALLMARK_ESTROGEN_RESPONSE_EARLY	3.290267153179142e-5	1.8240468133311113e-4	0.557332238758646	0.4988938178041834	1.8238903932366113	115	Ugcg;Sult2b1;B4galt1;Aff1;Dhrs3;Hes1;Klf4;Myb;Fhl2;Il17rb;Itpk1;Tiparp;Bhlhe40;Elovl5;Klf10;Tgif2;Bcl2;Med13l;Rara;Xbp1;Tob1;Muc1;Slc22a5;Gab2;Areg;Ar;Sfn;Ovol2;Cd44;Nrip1;Abhd2;Gla;Fasn;Rbbp8;Mast4;Igfbp4;Dynlt3;Ncor2;Rhod;Il6st	Enriched in Kdm6b-high
HALLMARK_INTERFERON_GAMMA_RESPONSE	3.420087774995834e-5	1.8240468133311113e-4	0.557332238758646	-0.4376293156078367	-1.694412656793797	175	Psmb8;Isg20;Nlrc5;Bst2;Herc6;Ifit1bl1;Oas3;Psmb9;Ifit3;Ly6e;Samhd1;Ifit2;Casp3;Stat1;Cd69;Dhx58;Zbp1;Rnf213;Gbp4;Tap1;Trim14;Xaf1;Trim21;Lcp2;Pml;Gbp9;Ifitm2;Cmpk2;Vamp8;Oas2;Ube2l6;Psma2;Isg15;Mthfd2;Usp18;Psmb2;H2-M3;Ptpn6;Epsti1;Rsad2;Rtp4;Eif2ak2;Casp7;Parp14;Nup93;Adar;Stat2;Ddx60;Cd86;Cd74;Nmi;Ifi35;Sri;Hif1a;Wars1;Casp1;Ifih1;Tnfsf10;Ifi27;Cxcl10;Slamf7	Enriched in Kdm6b-low
HALLMARK_TGF_BETA_SIGNALING	5.798758985325407e-5	2.783404312956195e-4	0.557332238758646	0.6387079319679475	1.954283633370945	43	Skil;Smad3;Tgfb1;Pmepa1;Smad7;Arid4b;Junb;Ski;Ctnnb1;Klf10;Tgif1;Sptbn1;Ppm1a;Furin;Id2;Ncor2;Smurf1;Apc;Smurf2	Enriched in Kdm6b-high
HALLMARK_DNA_REPAIR	8.544610386282078e-5	3.4556070224765225e-4	0.5384340963099162	-0.454742626977959	-1.6994960107795436	135	Pola1;Pold1;Rad51;Dut;Hcls1;Lig1;Pcna;Rfc2;Hprt;Aaas;Nelfcd;Cmpk2;Pola2;Rpa2;Ssrp1;Prim1;Arl6ip1;Pold3;Nudt21;Fen1;Rfc5;Cstf3;Cox17;Tyms;Rpa3;Nme1;Nt5c;Ercc1;Cant1;Sf3a3;Rfc3;Gtf2h3;Polr2f;Aprt;Dguok;Polr2g;Edf1;Taf6;Xpc;Gtf3c5;Ddb2;Dgcr8;Snapc5;Bola2;Gtf2h5;Rae1;Mpc2;Polr3c	Enriched in Kdm6b-low
HALLMARK_KRAS_SIGNALING_UP	8.639017556191306e-5	3.4556070224765225e-4	0.5384340963099162	0.4787174455395925	1.7516161314581182	120	Satb1;Irf8;Usp12;Spry2;Itga2;Fcer1g;Birc3;Car2;Klf4;Ets1;Map3k1;Abcb1a;Tnfrsf1b;Cxcr4;Tnfaip3;Csf2;Nin;Laptm5;Ptbp2;Mmd;Lat2;Tspan13;Dnmbp;Gfpt2;Cdadc1;Yrdc;Il7r;Fbxo4;Id2;Ptgs2;Crot;Jup;Tmem176b;Cbl;Cmklr1;Avl9;Dock2;Lif	Enriched in Kdm6b-high
HALLMARK_IL6_JAK_STAT3_SIGNALING	1.5595964271845707e-4	5.758509884989185e-4	0.5188480777437918	0.5331726300145239	1.7994772355997752	71	Ifngr1;Pik3r5;Stat3;Tgfb1;Pim1;Tnfrsf1a;Il17rb;Tnfrsf1b;Il4ra;Ifnar1;Tnfrsf12a;Il18r1;Csf2;Itgb3;Ptpn1;Cd9;Il17ra	Enriched in Kdm6b-high
HALLMARK_MITOTIC_SPINDLE	1.704646368561518e-4	5.844501835068061e-4	0.5188480777437918	-0.41484590525154674	-1.6186766995624113	181	Top2a;Lmnb1;Cenpf;Ckap5;Nusap1;Birc5;Incenp;Bub1;Kif15;Kif2c;Ect2;Nek2;Kif11;Ccnb2;Smc1a;Prc1;Cdk1;Tpx2;Racgap1;Smc4;Dlgap5;Fbxo5;Cntrl;Cenpe;Kif23;Espl1;Net1;Tiam1;Anln;Septin9;Cep250;Kif22;Kif20b;Brca2;Kntc1;Tbcd;Ndc80;Pif1;Sass6;Clasp1;Cntrob;Nedd9;Aurka;Cep57;Cep192;Alms1;Plk1;Ttk;Capzb;Cenpj;Gsn	Enriched in Kdm6b-low
HALLMARK_MYC_TARGETS_V2	7.490873981165075e-4	0.002397079673972824	0.47727081536286214	-0.5377201259688577	-1.7455830484138009	55	Cbx3;Hspd1;Mcm5;Ung;Mcm4;Tcof1;Hspe1;Plk4;Pa2g4;Dctpp1;Plk1;Noc4l;Myc;Rabepk;Srm;Mybbp1a;Slc19a1;Farsa;Aimp2;Nop2;Exosc5;Utp20;Ndufaf4;Tmem97;Prmt3;Cdk4;Mrto4	Enriched in Kdm6b-low
HALLMARK_UV_RESPONSE_DN	8.981881396502382e-4	0.0026945644189507144	0.47727081536286214	0.4713000570104253	1.6655773333913078	92	Rbpms;Smad3;Fhl2;Smad7;Nr1d2;Nr3c1;Atp2b1;Gcnt1;Anxa2;Kit;Bhlhe40;Nfkb1;Sipa1l1;Rasa2;Itgb3;Tgfbr2;Pten;Prdm2;Runx1;Grk5;Phf3;Dyrk1a;Ythdc1	Enriched in Kdm6b-high
HALLMARK_ALLOGRAFT_REJECTION	0.004574522921472209	0.01291630001356859	0.40701791892395395	-0.3772106974639896	-1.4424106262857677	162	Cd8b1;Cd3e;Cd8a;Thy1;Cd3g;Cd3d;Cd28;Ltb;Map4k1;Tap2;Tnf;Ifng;Stat1;Cd4;Hcls1;Lck;Dars;Il12rb1;Brca1;Cd247;Tap1;Cxcr3;Lcp2;Zap70;Cd40lg;Ccnd3;Gbp2;H2-M3;Ptpn6;Aars;Ly75;Cd2;Cd47;Fyb;Il2;Sit1;Cd86;Glmn;Cd74;Nme1;Bcat1;Hif1a;Il27ra;Cd80;F2r;Wars1;Il10;Cd96	Enriched in Kdm6b-low
HALLMARK_COMPLEMENT	0.0069394461562590284	0.018505189750024076	0.40701791892395395	0.385456344060049	1.4339100236792335	135	Dusp5;Pik3r5;Fcer1g;Adam9;Car2;Pim1;Ccl5;Maff;Cblb;Plek;Rnf4;Tnfaip3;Gzma;Lyn;Cebpb;Itgam;Sh2b3;Dyrk2;Rhog;Ppp2cb;Gpd2;Prkcd;Zeb1;Gnai3;Gmfb	Enriched in Kdm6b-high
HALLMARK_HYPOXIA	0.007901518623712495	0.01996173125990525	0.3807304007227924	0.39216150666133176	1.46093279280612	134	Fosl2;Sult2b1;Irs2;Pim1;Pnrc1;Maff;Ets1;Map3k1;Vegfa;Cxcr4;Nr3c1;Tnfaip3;Tiparp;Anxa2;Wsb1;Bhlhe40;Errfi1;Tes;Gpc1;Nfil3;Btg1;Bcl2;Ccng2;Nedd4l;Klhl24;Tpst2;Atp7a;Cdkn1a;Kdm3a;Gcnt2	Enriched in Kdm6b-high
HALLMARK_INFLAMMATORY_RESPONSE	0.01946743426784642	0.04672184224283141	0.35248785758361917	0.368654884256856	1.3682610218159252	140	Irak2;Il2rb;Sell;Pik3r5;Mxd1;Il18rap;Gpr132;Ccl5;Rela;Tnfrsf1b;Il4ra;Ifnar1;Atp2b1;Fzd5;Lyn;Pde4b;Gch1;Nfkb1;Rhog;Il18r1;Itgb3;Ptgir;Gnai3;Icam1;Abi1;Cdkn1a;Gabbr1;Cd55;Itga5;Nfkbia;Ahr;Slc11a2;Acvr2a;Pvr;Il7r;Tnfrsf9;Slc7a1;Cd82;Abca1	Enriched in Kdm6b-high
HALLMARK_APOPTOSIS	0.02113361415891566	0.04757614499009559	0.35248785758361917	0.3644741456746844	1.3408985899031127	126	Ifngr1;Satb1;Bcl2l11;Prf1;Birc3;Smad7;Sqstm1;Rela;Lmna;Tnfrsf12a;Gch1;Ctnnb1;Fasl;Pdcd4;Btg3;Pak1;Rara;Rock1;Bcl10;Crebbp;Bmf;Anxa1;Sptan1;Cd44;Igf2r;Gadd45a;Madd;Cdkn1a;Etf1	Enriched in Kdm6b-high
HALLMARK_GLYCOLYSIS	0.02180573312046048	0.04757614499009559	0.35248785758361917	-0.34612872680064205	-1.31829874275651	152	Isg20;Depdc1a;Ppia;Stmn1;Txn1;Ddit4;Glrx;Pgk1;Cdk1;Kif20a;Hmmr;Polr3k;Taldo1;Fam162a;Cyb5a;Chst2;Xylt2;Cited2;Ldha;Ndufv3;Aurka;Pgam1;Nsdhl;Rpe;Med24;Galk1;Pkm;Akr1a1;Galk2;Pfkfb1;Got2;Aldh9a1;Slc16a3;Paxip1;Mdh2;Pgls;Pygb;Nanp;Gusb;Mif;Slc25a13;Kif2a;Gne;Cln6;Slc25a10;Gale;Pdk3;Sap30;Tpi1;Lhpp;Ext1;Alg1;Casp6;Sdhc;Rbck1;Aldoa;Gmppa;Sdc3;Qsox1;Nasp;Hax1;Prps1;Ak3;Mpi;Ankzf1;Pfkp;Got1;Mxi1;Bik;Gfus;Ier3	Enriched in Kdm6b-low
HALLMARK_COAGULATION	0.026749921777035487	0.0558259237085958	0.35248785758361917	0.4191319951891273	1.4001722790380506	67	Itga2;Adam9;Maff;Plek;Arf4;Itgb3;Cd9;Anxa1;Furin	Enriched in Kdm6b-high
HALLMARK_MYOGENESIS	0.028357918612370484	0.05671583722474097	0.35248785758361917	0.3933164235649089	1.3698761445298953	82	Ifrd1;Lpin1;Tgfb1;Mef2d;Bhlhe40;Mef2a;Sptan1;Mef2c;Kifc3;Cdkn1a;Hdac5;Klf5;Ocel1	Enriched in Kdm6b-high
HALLMARK_HEME_METABOLISM	0.030191788236840503	0.05796823341473376	0.35248785758361917	0.3477301976999462	1.30913836347498	147	Nudt4;Car2;Epb41;Sidt2;Smox;Ell2;Nr3c1;Kdm7a;Fbxo34;Sdcbp;Tnrc6b;Klf3;Khnyn;Clcn3;Adipor1;Cast;Fbxo9;Bach1;Ypel5;Usp15;Cir1;Mfhas1;Gclc;Lpin2;Top1;Slc11a2;Slc30a1;Arl2bp;Daam1;Rnf19a;Vezf1;Trak2	Enriched in Kdm6b-high
HALLMARK_IL2_STAT5_SIGNALING	0.03828709542868952	0.07068386848373451	0.3217759180753611	0.3317394379482744	1.272982093982491	175	Ifngr1;Irf8;Il2rb;Sell;Mxd1;Eomes;Dhrs3;Car2;Pim1;Maff;Abcb1a;Tnfrsf1b;Il4ra;Prkch;Bhlhe40;Nfil3;Ahnak;Wls;Bcl2;Il18r1;Csf2;Il1rl1;Xbp1;Nfkbiz;Gpr65;Muc1;Il13;Cd44;Igf2r	Enriched in Kdm6b-high
HALLMARK_FATTY_ACID_METABOLISM	0.040787088131824543	0.07104296337816128	0.3217759180753611	-0.3560266743603869	-1.302040926287691	115	Hsp90aa1;S100a10;Hsph1;Ostc;Acsl5;Hadh;Ube2l6;Blvra;Ech1;Fh1;H2az1;Ldha;Ywhah;Cpox;Idi1;Erp29;Nsdhl;Alad;Idh3b;Adsl;Psme1;Gcdh;Aldh9a1;Apex1;Ccdc58;Mdh2;Eci2;Sdhd;Hsd17b4;Mif;Ncaph2;Kmt5a;Hmgcs1;Acaa2;Dhcr24;Grhpr;Acadl;Pts	Enriched in Kdm6b-low
HALLMARK_APICAL_SURFACE	0.04144172863726075	0.07104296337816128	0.3217759180753611	0.5757269378116243	1.513739472155361	20	Il2rb;B4galt1;Sulf2;Crybg1;Lyn;Rtn4rl1	Enriched in Kdm6b-high
HALLMARK_EPITHELIAL_MESENCHYMAL_TRANSITION	0.06967213114754098	0.11531938948558507	0.24504178543099617	0.369390628837881	1.2865453363769888	82	Itga2;Tgfb1;Tpm4;Pmepa1;Vegfa;Tnfaip3;Gem;Tnfrsf12a;Gpc1;Itgb3;Areg;Cd44;Gadd45a;Itga5;Igfbp4;Pvr;Id2	Enriched in Kdm6b-high
HALLMARK_SPERMATOGENESIS	0.0900562851782364	0.14409005628517824	0.20429475651688608	-0.3775977662511044	-1.259888065044156	65	Bub1;Kif2c;Nek2;Ccnb2;Ezh2;Cdk1;Agfg1;Cdkn3;Topbp1;Ncaph;Hspa4l;Taldo1;Aurka;Tsn;Ttk	Enriched in Kdm6b-low
HALLMARK_P53_PATHWAY	0.12783505154639174	0.19285714285714284	0.17821987495197314	0.3027040887912047	1.1567777566523068	167	Mxd1;Mknk2;Tgfb1;Klf4;Slc3a2;Ninj1;Kif13b;Tcn2;Pitpnc1;Hexim1;Fbxw7;Baiap2;Tgfa;Zbtb16;Btg1;Traf4;Mxd4;Cgrrf1;Blcap;Tob1;Sesn1;Cdkn2aip;Tspyl2;Sfn;Rrad;Osgin1;Zfp36l1;Gadd45a;Cdkn1a;Wwp1;Irak1;Csrnp2;Ier5;Gpx2;Cd82;Pdgfa;Coq8a;Ptpre;Perp;Dnttip2;Slc35d1;Cd81	Enriched in Kdm6b-high
HALLMARK_XENOBIOTIC_METABOLISM	0.12857142857142856	0.19285714285714284	0.17669426893849804	0.3170580864590227	1.1616974359636905	119	Irf8;Car2;Tnfrsf1a;Smox;Ninj1;Man1a;Elovl5;Gch1;Sertad1;Esr1;Ppard;Pink1;Por;Gcnt2;Marchf6;Npc1;Gclc;Lpin2;Ets2;Igfbp4;Id2;Crot;Jup;Xdh;Tmem176b;Slc35d1	Enriched in Kdm6b-high
HALLMARK_WNT_BETA_CATENIN_SIGNALING	0.14435146443514643	0.20996576645112208	0.16823816568963962	0.4440997293632184	1.2403755900980395	27	Csnk1e;Ctnnb1;Maml1;Cul1;Ppard;Tcf7;Axin2;Hdac5;Lef1;Ncor2;Numb	Enriched in Kdm6b-high
HALLMARK_PROTEIN_SECRETION	0.16082474226804125	0.22704669496664648	0.15740289930528326	0.3372009600931991	1.1758290226930088	83	Vamp3;Gnas;Clcn3;Napa;Ap1g1;Igf2r;Atp6v1h;Cln5;Atp7a;Gla;Mon2;Rab22a;Arfgef1;Sec24d;Rab2a;Stx7;Rab5a;Cltc;Vamp4;Abca1;Golga4;Rab14;Atp1a1;Galc;Uso1;Kif1b;Ergic3	Enriched in Kdm6b-high
HALLMARK_ANDROGEN_RESPONSE	0.16804979253112035	0.23046828689982218	0.15419096658142434	0.3399600257986142	1.1724529280512157	79	Zbtb10;B4galt1;Rab4a;Pmepa1;Ptk2b;Ell2;Elk4;Elovl5;Slc38a2;Gnai3;Ube2j1;Abhd2;Arid5b;Sec24d;Pias1;Vapa;Appbp2	Enriched in Kdm6b-high
HALLMARK_UV_RESPONSE_UP	0.1836734693877551	0.24489795918367346	0.1455161460903603	0.3061242639901929	1.121636027440166	119	Bcl2l11;Ago2;Dgat1;Car2;Nr4a1;Sqstm1;Abcb1a;Junb;Lyn;Gch1;Chka;Nxf1;Btg3;Gls;Btg1;Prkcd;Icam1;Rrad;Grina	Enriched in Kdm6b-high
HALLMARK_NOTCH_SIGNALING	0.19787234042553192	0.25417201540436457	0.1429011493869481	0.4360901865629716	1.1979548037714942	25	Hes1;Fzd5;Cul1;Ppard;Arrb1	Enriched in Kdm6b-high
HALLMARK_ESTROGEN_RESPONSE_LATE	0.20121951219512196	0.25417201540436457	0.13802224249664274	0.30736530578055177	1.121567555969904	117	Sult2b1;Aff1;Car2;Klf4;Myb;Jak1;Il17rb;Itpk1;Elovl5;Pdcd4;Btg3;Bcl2;Cd9;Xbp1;Tob1;Slc22a5;Areg;Rabep1;Sfn;Ovol2;Cd44;Tspan13;Nrip1;Abhd2;Gla;Rbbp8;Igfbp4;Id2;Dynlt3;Ncor2;Il6st	Enriched in Kdm6b-high
HALLMARK_CHOLESTEROL_HOMEOSTASIS	0.28817204301075267	0.35467328370554174	0.11623414877971643	0.3364627593786418	1.093589175809028	59	Pnrc1;Antxr2;Stx5a;Tnfrsf12a;Cpeb2;Errfi1;Ctnnb1;Chka;Nfil3;Mvk;Cd9	Enriched in Kdm6b-high
HALLMARK_HEDGEHOG_SIGNALING	0.3445692883895131	0.4134831460674157	0.09624060232812902	-0.41804210148606835	-1.0892309542384429	20	Thy1;Pml;Crmp1;Cdk6;Dpysl2;Myh9;L1cam;Nrp1;Adgrg1;Ptch1	Enriched in Kdm6b-low
HALLMARK_UNFOLDED_PROTEIN_RESPONSE	0.3572815533980582	0.4182808430026047	0.09624060232812902	-0.2870483501382641	-1.0388491789031968	104	Ifit1bl1;H2ax;Ddit4;Bag3;Cks1b;Nhp2;Khsrp;Mthfd2;Lsm4;Aldh18a1;Eif4ebp1;Banf1;Edem1;Nfyb;Psat1;Exosc4;Dkc1;Eif4e;Eif2s1;Chac1	Enriched in Kdm6b-low
HALLMARK_APICAL_JUNCTION	0.39923224568138194	0.45626542363586503	0.08916471178206781	-0.28003711738169196	-1.0198489309902714	107	Plcg1;Thy1;Rac2;Cnn2;Tubg1;Cap1;Hadh;Pfn1;Cdh1;Arpc2;Fyb;Ywhah;Cd86;Insig1;Vasp;Gnai2;Tial1;Nf2;Myh9;Actg1;Map4k2;Sympk;Cercam;Arhgef6;Itgb1;Actn4;Rhof	Enriched in Kdm6b-low
HALLMARK_KRAS_SIGNALING_DN	0.4873417721518987	0.5440094200765381	0.0833634065110386	0.3087096352031444	0.9860059753711379	52	Skil;Nr4a2;Mfsd6;Mthfr;Zbtb16;Il5	Enriched in Kdm6b-high
HALLMARK_PI3K_AKT_MTOR_SIGNALING	0.5574712643678161	0.6081504702194357	0.07130529873400379	-0.26790199662165415	-0.9540210252233761	91	Plcg1;Cfl1;Raf1;Lck;Actr3;Cdk1;Sla;Tiam1;Actr2;Cdk2;Pfn1;Csnk2b;Stat2	Enriched in Kdm6b-low
HALLMARK_REACTIVE_OXYGEN_SPECIES_PATHWAY	0.651031894934334	0.6944340212632896	0.06266182309324915	-0.290435062604931	-0.8962577654729792	42	Lsp1;Txn1;Glrx;Prdx4;Prdx1;Ptpa;Ndufs2;Gsr;Lamtor5;Cat;Atox1	Enriched in Kdm6b-low
HALLMARK_PEROXISOME	0.7307692307692307	0.7625418060200668	0.058345277674361214	-0.2598870484088807	-0.8945042062277203	79	Top2a;Acsl5;Fdps;Smarcc1;Ech1;Prdx1;Fis1;Ywhah;Atxn1;Idi1;Ercc1;Idh2;Slc25a19;Aldh9a1;Cat;Msh2;Eci2;Ctbp1;Hsd17b4	Enriched in Kdm6b-low
HALLMARK_ADIPOGENESIS	0.8217054263565892	0.8391885205343889	0.053238649475589886	-0.2306106106650395	-0.8801964186030382	159	Ucp2;Tkt;Cdkn2c;Ak2;Hadh;Ndufb7;Uqcr10;Ech1;Taldo1;Idh3a;Tank;Dnajc15;Ndufab1;Rtn3;Nmt1;Sdhb;Ubc;Aifm1;Atp5o;Dhcr7;Prdx3;Pqlc3;Etfb;Ddt;Scarb1;Cox7b;Reep5;Cat;Esyt1;Samm50;Mdh2;Slc1a5;Pfkl;Ndufs3;Uqcrc1;Cyc1;Slc25a1;Slc19a1;Acaa2;Slc25a10;Coq3;Acadl;Ptcd3;Cmpk1;Phyh;Uqcrq;Sdhc;Aldoa	Enriched in Kdm6b-low
HALLMARK_BILE_ACID_METABOLISM	0.981203007518797	0.981203007518797	0.043712583357955095	-0.2122098983549392	-0.6993991601685934	61	Lck;Acsl5;Atxn1;Idi1;Idh2;Slc29a1;Abca3;Aldh9a1;Abca2;Cat;Pex16;Gclm;Hsd17b4;Dhcr24;Pex26;Phyh	Enriched in Kdm6b-low
