subcluster	tcell_subtype	kdm6b_rank	kdm6b_group	comparison	comparison_condition	sccomp_reference_condition	effect_41bbl_vs_condition	lower_41bbl_vs_condition	upper_41bbl_vs_condition	c_pH0	c_FDR	significant_direction	status_in_41bbl	c_rhat	c_ess_bulk	c_ess_tail
3	NK-like cytotoxic lymphocytes	1	Kdm6b-high	41BB-L vs B7H3	B7H3	41BB-L	0.24436428620976555	-0.030673981517500174	0.518879762175	0.13175000000000003	0.05328571428571427	Not significantly different	Not significantly different	1.0008287236966802	436.5869913110235	936.5921241164342
3	NK-like cytotoxic lymphocytes	1	Kdm6b-high	41BB-L vs CD28-41BB	CD28-41BB	41BB-L	-0.17897281892255923	-0.45889685287500004	0.08699141505249999	0.28800000000000003	0.20199999999999999	Not significantly different	Not significantly different	1.0017232290456026	447.31525810688584	1695.0523519611877
3	NK-like cytotoxic lymphocytes	1	Kdm6b-high	41BB-L vs CD8-41BB	CD8-41BB	41BB-L	-0.0861428534826859	-0.32318735017500017	0.14886955000000002	0.5487500000000001	0.14513636363636365	Not significantly different	Not significantly different	0.9999531525547114	838.8640491429433	2744.667349497854
3	NK-like cytotoxic lymphocytes	1	Kdm6b-high	41BB-L vs STOP	STOP	41BB-L	0.28097147355945873	-0.006589770416500196	0.5607100591999999	0.09575	0.040999999999999995	Enriched in 41BB-L	Enriched in 41BB-L	1.0012958712792162	763.9511938237628	2090.909478430622
3	NK-like cytotoxic lymphocytes	1	Kdm6b-high	41BB-L vs tumor	tumor	41BB-L	-0.26068293373729223	-0.5558756051750002	0.03546116728749999	0.13275000000000003	0.04045833333333334	Enriched in tumor	Depleted in 41BB-L	1.000300744660548	621.4710192558529	1439.118241852646
9	γδ T cells	2	Kdm6b-high	41BB-L vs B7H3	B7H3	41BB-L	0.09379749918838268	-0.18471114765000013	0.39813805739999997	0.5367500000000001	0.22985416666666666	Not significantly different	Not significantly different	1.0039644436697803	333.5628094646156	546.7791135759461
9	γδ T cells	2	Kdm6b-high	41BB-L vs CD28-41BB	CD28-41BB	41BB-L	0.013285025125173674	-0.289851028475	0.30897152474999995	0.7152499999999999	0.3727916666666667	Not significantly different	Not significantly different	1.003855184747261	634.3361149358543	1507.2851985374325
9	γδ T cells	2	Kdm6b-high	41BB-L vs CD8-41BB	CD8-41BB	41BB-L	-0.43654819941554	-0.683084652825	-0.189162552825	0.004750000000000032	0.0029166666666666785	Enriched in CD8-41BB	Depleted in 41BB-L	1.0045308222632152	780.1052034707341	1920.688982986898
9	γδ T cells	2	Kdm6b-high	41BB-L vs STOP	STOP	41BB-L	0.19946912336051525	-0.11195270845000002	0.5137447984750001	0.26	0.1055625	Not significantly different	Not significantly different	0.9998728615788444	427.9899799602152	935.4193234567505
9	γδ T cells	2	Kdm6b-high	41BB-L vs tumor	tumor	41BB-L	-0.06877263383103736	-0.38254462749999996	0.262921904275	0.577	0.18461363636363634	Not significantly different	Not significantly different	1.0066431867517347	394.5820562680849	1086.3175571895704
12	Th2-like inflammatory T cells	3	Kdm6b-high	41BB-L vs B7H3	B7H3	41BB-L	0.31520243186555125	-0.02973177871250005	0.6600068371750001	0.11250000000000004	0.04020833333333331	Enriched in 41BB-L	Enriched in 41BB-L	1.0046767463522006	232.50986718651367	493.3810466073903
12	Th2-like inflammatory T cells	3	Kdm6b-high	41BB-L vs CD28-41BB	CD28-41BB	41BB-L	-0.310745528537489	-0.680635726625	0.129596028775	0.13249999999999995	0.10199999999999998	Not significantly different	Not significantly different	1.00178078898191	134.14745161450563	142.11218989012866
12	Th2-like inflammatory T cells	3	Kdm6b-high	41BB-L vs CD8-41BB	CD8-41BB	41BB-L	0.42843060508146724	0.050819548569999984	0.7990001599000001	0.039000000000000035	0.018708333333333344	Enriched in 41BB-L	Enriched in 41BB-L	1.0097888373318742	268.3647309395459	145.45777330586867
12	Th2-like inflammatory T cells	3	Kdm6b-high	41BB-L vs STOP	STOP	41BB-L	-0.20289947848006476	-0.552363834675	0.16749241817499996	0.26249999999999996	0.123	Not significantly different	Not significantly different	1.0129317412608765	99.14997027875168	130.60544789132743
12	Th2-like inflammatory T cells	3	Kdm6b-high	41BB-L vs tumor	tumor	41BB-L	-0.39488305734367923	-0.7605098862000003	-0.020782065192500004	0.05500000000000005	0.022	Enriched in tumor	Depleted in 41BB-L	1.0010681269685204	259.5526149793459	261.2115378736422
10	IFN-responsive T cells	11	Kdm6b-low	41BB-L vs B7H3	B7H3	41BB-L	-0.43003353699625974	-0.7158375684000001	-0.1513606107	0.012249999999999983	0.004124999999999962	Enriched in B7H3	Depleted in 41BB-L	1.002499805199851	485.05903246001645	978.7794477465981
10	IFN-responsive T cells	11	Kdm6b-low	41BB-L vs CD28-41BB	CD28-41BB	41BB-L	0.03412426060503983	-0.269795771025	0.347441828675	0.67425	0.3416590909090909	Not significantly different	Not significantly different	1.0008286631180947	910.4670783649685	1602.2679145632428
10	IFN-responsive T cells	11	Kdm6b-low	41BB-L vs CD8-41BB	CD8-41BB	41BB-L	0.7176882109355	0.4076208303249999	1.0336703074999998	0	0	Enriched in 41BB-L	Enriched in 41BB-L	1.0011694108635576	760.0489317322169	2475.732140475696
10	IFN-responsive T cells	11	Kdm6b-low	41BB-L vs STOP	STOP	41BB-L	0.003223386198099075	-0.291207394775	0.292700115675	0.748	0.2833846153846154	Not significantly different	Not significantly different	1.001723837953669	855.1533982388427	1459.4983975431287
10	IFN-responsive T cells	11	Kdm6b-low	41BB-L vs tumor	tumor	41BB-L	-0.04078569855800425	-0.38265120330000013	0.33593189375	0.6355	0.25225	Not significantly different	Not significantly different	1.0190713667983633	187.64358361186586	129.20274124877733
4	Cycling / proliferating T cells	12	Kdm6b-low	41BB-L vs B7H3	B7H3	41BB-L	-0.518277691391675	-0.788958317525	-0.25448842470000005	0.0014999999999999458	8.749999999999591e-4	Enriched in B7H3	Depleted in 41BB-L	0.9999650741727335	620.0418632841156	1986.3172857233951
4	Cycling / proliferating T cells	12	Kdm6b-low	41BB-L vs CD28-41BB	CD28-41BB	41BB-L	0.09758317567681632	-0.2022598379750001	0.400560636725	0.506	0.27958333333333335	Not significantly different	Not significantly different	1.0005460713497247	586.9062736716627	1809.2014827838411
4	Cycling / proliferating T cells	12	Kdm6b-low	41BB-L vs CD8-41BB	CD8-41BB	41BB-L	-0.23900876746432395	-0.5096141498750001	0.028729165862500003	0.15500000000000003	0.04243750000000002	Enriched in CD8-41BB	Depleted in 41BB-L	0.9998764408261753	849.9669019590706	2249.434453978099
4	Cycling / proliferating T cells	12	Kdm6b-low	41BB-L vs STOP	STOP	41BB-L	-0.05387461670972515	-0.36164164015	0.24957095734999998	0.619	0.2047272727272727	Not significantly different	Not significantly different	1.000458309381099	435.89360041101713	1194.6414223194545
4	Cycling / proliferating T cells	12	Kdm6b-low	41BB-L vs tumor	tumor	41BB-L	0.3732815447255765	0.0342160727925	0.6997700113499999	0.054749999999999965	0.013749999999999984	Enriched in 41BB-L	Enriched in 41BB-L	1.0048020393627644	272.60234546938096	383.56790942731726
2	Activated effector CD8 T cells (stress)	13	Kdm6b-low	41BB-L vs B7H3	B7H3	41BB-L	-0.49808725675725	-0.73277998055	-0.27615396645	2.4999999999997247e-4	2.4999999999997247e-4	Enriched in B7H3	Depleted in 41BB-L	1.0003196495050357	779.632489939043	2787.0087551460347
2	Activated effector CD8 T cells (stress)	13	Kdm6b-low	41BB-L vs CD28-41BB	CD28-41BB	41BB-L	-0.13965222055645324	-0.4070045232	0.1226298805	0.38149999999999995	0.22764285714285712	Not significantly different	Not significantly different	1.0011737383053063	866.498202577658	1827.1838061618146
2	Activated effector CD8 T cells (stress)	13	Kdm6b-low	41BB-L vs CD8-41BB	CD8-41BB	41BB-L	0.027003263489935377	-0.21509643742500004	0.282083123425	0.729	0.1937916666666667	Not significantly different	Not significantly different	1.0040908092927943	420.76660974069256	487.65004563541726
2	Activated effector CD8 T cells (stress)	13	Kdm6b-low	41BB-L vs STOP	STOP	41BB-L	-0.24550370638936275	-0.4932832255	0.010492739337499996	0.13	0.055833333333333325	Not significantly different	Not significantly different	1.0004313773560942	473.54929660365514	1409.0581103401496
2	Activated effector CD8 T cells (stress)	13	Kdm6b-low	41BB-L vs tumor	tumor	41BB-L	-0.058272108193750824	-0.35628651822500024	0.234334736825	0.613	0.2203125	Not significantly different	Not significantly different	1.0036060472050532	605.1459810657137	1715.1684636238372
