"p_val","avg_log2FC","pct.1","pct.2","p_val_adj","cluster","gene"
0,0.956027346300161,0.72,0.579,0,"41BB-L","Ier5"
0,0.794035375125414,0.623,0.486,0,"41BB-L","Klf2"
0,0.738136378781345,0.807,0.702,0,"41BB-L","Marcks"
0,0.708778521178372,0.632,0.54,0,"41BB-L","Gnai2"
0,0.922745882973508,0.727,0.636,0,"41BB-L","Cebpb"
0,0.811129484795873,0.863,0.772,0,"41BB-L","Jund"
0,0.676839317969267,0.771,0.692,0,"41BB-L","Junb"
0,0.622524066378491,0.789,0.732,0,"41BB-L","Gna13"
2.61886222860618e-269,0.538643866296368,0.812,0.767,4.99024197660908e-265,"41BB-L","Zfp36"
1.1725317811941e-267,0.526287304342007,0.765,0.664,2.23425930906537e-263,"41BB-L","Jun"
1.26206188455803e-262,0.573247262367101,0.723,0.636,2.40485892102533e-258,"41BB-L","Rhob"
8.98449926534209e-248,0.710394346267628,0.513,0.427,1.71199633501094e-243,"41BB-L","Rgl2"
2.058684986671e-245,0.718098469678776,0.629,0.557,3.92282424210159e-241,"41BB-L","Fosb"
2.85732738469097e-241,0.539225334965495,0.691,0.646,5.44463733152864e-237,"41BB-L","Itm2c"
1.30392864150964e-230,0.633090674797824,0.621,0.564,2.48463602639663e-226,"41BB-L","Ski"
4.89038242188346e-229,0.561863395897409,0.79,0.761,9.31862370489893e-225,"41BB-L","Pik3ap1"
3.00213794130919e-224,0.713616887524696,0.646,0.589,5.72057384716466e-220,"41BB-L","Mafb"
3.80390369897592e-198,0.836511188746481,0.576,0.509,7.24833849839861e-194,"41BB-L","Kdm6b"
4.31244643641029e-187,0.64042488283385,0.573,0.517,8.21736668457982e-183,"41BB-L","Irf2bp2"
1.13748416417754e-178,0.549334380801552,0.697,0.637,2.16747607484031e-174,"41BB-L","Fos"
1.41127313808373e-139,0.622326998168474,0.506,0.472,2.68918096461855e-135,"41BB-L","Tapbp"
6.16897769372891e-114,0.526594038925758,0.57,0.536,1.17549869954004e-109,"41BB-L","Irf8"
1.030369416708e-78,0.599507094347747,0.51,0.485,1.9633689235371e-74,"41BB-L","Man1a"
3.27429214703462e-63,0.529446322852961,0.516,0.489,6.23916368617448e-59,"41BB-L","Nfkbib"
0,1.04067486781211,0.588,0.241,0,"B7H3","Cd74"
0,1.65477427976649,0.505,0.278,0,"B7H3","Sdc3"
0,1.5681633414668,0.597,0.37,0,"B7H3","Lgals3bp"
0,1.46010300516867,0.54,0.324,0,"B7H3","Axl"
0,1.10107061470488,0.546,0.379,0,"B7H3","Bst2"
0,1.17353032001823,0.677,0.524,0,"B7H3","Gnai2"
0,1.10051507594679,0.557,0.406,0,"B7H3","Gm2a"
0,1.13349739181898,0.618,0.504,0,"B7H3","Npc2"
0,1.05350541544186,0.562,0.457,0,"B7H3","Tapbp"
0,0.89402410890994,0.723,0.633,0,"B7H3","Cebpb"
0,1.44786427539474,0.543,0.457,0,"B7H3","Cd63"
0,0.802478762035778,0.695,0.614,0,"B7H3","Psap"
0,0.91191470793283,0.707,0.63,0,"B7H3","Srsf5"
0,0.98424600321674,0.812,0.744,0,"B7H3","Grn"
0,0.678866359641813,0.761,0.71,0,"B7H3","Ucp2"
0,0.686369750881367,0.693,0.643,0,"B7H3","Itm2c"
0,0.588109719306387,0.706,0.668,0,"B7H3","Clta"
0,0.904403126418916,0.886,0.893,0,"B7H3","Ctss"
4.90843737753077e-237,0.75056551984356,0.522,0.409,9.35302742288488e-233,"B7H3","Srgn"
3.26640931586463e-219,0.919423622491157,0.525,0.434,6.22414295138006e-215,"B7H3","Cstb"
3.51072027045586e-213,0.56574691665414,0.713,0.721,6.68967747535364e-209,"B7H3","Marcks"
9.05523534423086e-191,0.535877680729363,0.662,0.633,1.72547509484319e-186,"B7H3","Cotl1"
2.40855041073147e-161,0.596079155546428,0.567,0.521,4.58949280764882e-157,"B7H3","Arpc1b"
1.47738064448719e-149,0.839243102607419,0.543,0.513,2.81514881807035e-145,"B7H3","P4hb"
5.55275427533193e-134,0.554212561641173,0.617,0.594,1.0580773271645e-129,"B7H3","Mafb"
3.92155411170548e-111,0.55442562752308,0.609,0.6,7.4725213598548e-107,"B7H3","Ier5"
5.17319740603711e-92,0.573088579681253,0.534,0.524,9.85752765720371e-88,"B7H3","Irf2bp2"
8.46760039124308e-80,0.536269355592114,0.524,0.493,1.61350125455137e-75,"B7H3","Cfl1"
0,0.728476248350089,0.647,0.438,0,"CD28-41BB","Gdi2"
0,0.650146492539929,0.585,0.379,0,"CD28-41BB","Tlr7"
0,0.552750582710431,0.713,0.514,0,"CD28-41BB","Nckap1l"
0,0.764788215274478,0.506,0.309,0,"CD28-41BB","Snx5"
0,0.511039963590124,0.617,0.42,0,"CD28-41BB","Cyrib"
0,0.599099705118032,0.631,0.436,0,"CD28-41BB","Rnf130"
0,0.60896848380644,0.709,0.517,0,"CD28-41BB","Elmo1"
0,0.630272856277232,0.729,0.543,0,"CD28-41BB","Rnase4"
0,0.66467579009974,0.608,0.426,0,"CD28-41BB","B4galt1"
0,0.638313959425285,0.775,0.594,0,"CD28-41BB","Itgam"
0,0.798782211522813,0.873,0.696,0,"CD28-41BB","Selenop"
0,0.513794217010319,0.638,0.463,0,"CD28-41BB","Cfh"
0,0.555324873792392,0.69,0.519,0,"CD28-41BB","Fcrls"
0,0.529072375212612,0.588,0.419,0,"CD28-41BB","Zmiz1"
0,0.551353567685012,0.819,0.681,0,"CD28-41BB","Fcgr3"
0,0.538269199008939,0.719,0.647,0,"CD28-41BB","Tpt1"
0,0.529836407197249,0.785,0.732,0,"CD28-41BB","Eef1a1"
4.32332177055393e-196,0.548308625728253,0.547,0.49,8.23808963379051e-192,"CD28-41BB","Cd83"
1.96516813055071e-86,0.595789289710528,0.711,0.72,3.74462787276437e-82,"CD28-41BB","Ctsd"
0,0.874153010267094,0.711,0.498,0,"CD8-41BB","Spi1"
0,0.556502570751433,0.622,0.449,0,"CD8-41BB","Rnf130"
0,0.522868634389806,0.583,0.412,0,"CD8-41BB","Cux1"
0,0.514509020618493,0.607,0.457,0,"CD8-41BB","Gdi2"
0,0.531493928849962,0.757,0.634,0,"CD8-41BB","Zeb2"
0,0.713982528855427,0.608,0.485,0,"CD8-41BB","Nfe2l2"
0,0.583849773365253,0.63,0.511,0,"CD8-41BB","Cxcl16"
0,0.595493083664122,0.576,0.457,0,"CD8-41BB","Cd86"
0,0.845989097448014,0.586,0.47,0,"CD8-41BB","Adgre1"
0,0.587227519632736,0.569,0.456,0,"CD8-41BB","Rab8b"
0,0.811846037647598,0.691,0.6,0,"CD8-41BB","B2m"
5.7496405096811e-217,0.505375283691075,0.744,0.743,1.09559399911973e-212,"CD8-41BB","Eef1a1"
1.35704781364718e-183,0.54721270074585,0.507,0.441,2.58585460890471e-179,"CD8-41BB","Ninj1"
9.40904523254509e-138,0.588726208402427,0.656,0.627,1.79289356906147e-133,"CD8-41BB","Fth1"
0,0.520203654626705,0.686,0.533,0,"STOP","Fcrls"
8.67849563589918e-278,0.560854724061207,0.585,0.438,1.65368734342059e-273,"STOP","Slco2b1"
1.47557425185122e-201,0.519431404378806,0.582,0.448,2.8117067369025e-197,"STOP","Ifngr1"
0,0.875159013745628,0.637,0.321,0,"tumor","Ighm"
0,1.2023957985403,0.587,0.277,0,"tumor","Gpr34"
0,1.13471825243364,0.604,0.304,0,"tumor","St3gal6"
0,0.972016759920941,0.822,0.525,0,"tumor","Elmo1"
0,0.861404429805256,0.762,0.468,0,"tumor","Cfh"
0,0.900265436344183,0.601,0.353,0,"tumor","P2ry13"
0,1.09858828137965,0.799,0.551,0,"tumor","Ddx5"
0,0.739171817756555,0.813,0.575,0,"tumor","Hpgds"
0,0.699603661949134,0.639,0.406,0,"tumor","Dock10"
0,0.969738122804332,0.73,0.505,0,"tumor","Egr1"
0,0.807023158769681,0.782,0.558,0,"tumor","Rnase4"
0,0.879324014113427,0.701,0.48,0,"tumor","Rgs2"
0,0.752155763955369,0.619,0.398,0,"tumor","Tlr7"
0,0.698001253645992,0.559,0.343,0,"tumor","Rasgrp3"
0,0.555054296758317,0.579,0.365,0,"tumor","Ints6l"
0,0.654796959130319,0.529,0.32,0,"tumor","Pten"
0,0.637688189509214,0.675,0.467,0,"tumor","Wnk1"
0,0.589605508111377,0.512,0.307,0,"tumor","Mef2c"
0,0.997302793183502,0.913,0.711,0,"tumor","Selenop"
0,0.712821127143712,0.677,0.477,0,"tumor","Eif1"
0,0.599463050358418,0.64,0.44,0,"tumor","Cyrib"
0,0.70510314060705,0.521,0.329,0,"tumor","Snx5"
0,0.630278927998088,0.525,0.333,0,"tumor","Cd164"
0,0.735846132219815,0.703,0.516,0,"tumor","Nfkbiz"
0,0.653686047198597,0.702,0.516,0,"tumor","Jmjd1c"
0,0.50457738130866,0.722,0.536,0,"tumor","Nckap1l"
0,0.639717363238868,0.792,0.609,0,"tumor","Cd53"
0,0.593721322250012,0.644,0.462,0,"tumor","Gdi2"
0,0.710798353056413,0.813,0.634,0,"tumor","Clk1"
0,0.689587240297969,0.827,0.652,0,"tumor","Rap1b"
0,0.553403395111852,0.768,0.594,0,"tumor","Tgfbr1"
0,0.897466938513874,0.777,0.606,0,"tumor","Ccnl1"
0,0.568244104583439,0.774,0.615,0,"tumor","Itgam"
0,0.50786527196393,0.737,0.58,0,"tumor","Cdc42"
0,0.716630917778572,0.565,0.408,0,"tumor","Hnrnpa2b1"
0,0.543372113295185,0.845,0.697,0,"tumor","Vsir"
0,0.529474650039957,0.902,0.774,0,"tumor","Serinc3"
3.44394346591907e-305,0.633479652274561,0.502,0.312,6.56243427430879e-301,"tumor","Rp2"
3.03354325347426e-303,0.603479873064063,0.593,0.393,5.7804166694952e-299,"tumor","Fli1"
1.10787872259941e-299,0.634943370860349,0.52,0.335,2.11106290591318e-295,"tumor","Nek7"
4.05958475240605e-298,0.638101471072534,0.692,0.516,7.73553874570972e-294,"tumor","Ccl3"
5.60212765366413e-283,0.69751200358543,0.542,0.364,1.0674854244057e-278,"tumor","H3f3b"
1.6680062352542e-274,0.534918386927461,0.633,0.458,3.17838588127688e-270,"tumor","Rnf130"
2.68841788571413e-270,0.641775571501488,0.51,0.324,5.12278028122827e-266,"tumor","Dock2"
1.17089351906097e-266,0.62089733868286,0.515,0.347,2.23113760057067e-262,"tumor","Rragc"
5.28852915856569e-262,0.523686047576301,0.652,0.498,1.00772923116469e-257,"tumor","Sirpa"
1.0489102776014e-229,0.543620483841516,0.678,0.515,1.99869853396947e-225,"tumor","Brd2"
8.99487157016678e-207,0.51497261294595,0.53,0.395,1.71397277769528e-202,"tumor","Tmed7"
2.65732645701429e-202,0.596454829889886,0.63,0.473,5.06353556384074e-198,"tumor","Ccl4"
2.09638947997757e-199,0.511758873442714,0.506,0.359,3.99467015409725e-195,"tumor","Hnrnpk"
4.92150785090564e-184,0.513230716065431,0.513,0.355,9.3779332099007e-180,"tumor","Tut7"
2.02081148345715e-150,0.822051743920625,0.608,0.513,3.8506562817276e-146,"tumor","Rgs1"
8.85068543888119e-111,0.503049284327673,0.51,0.39,1.68649811037881e-106,"tumor","Tnfaip3"
