comparison	cell_group	n_neighborhoods	median_logFC	mean_logFC	q25_logFC	q75_logFC	fraction_positive_logFC	n_nominal	fraction_nominal	median_logFC_nominal	min_p_value	min_spatial_fdr	median_cell_group_fraction	neg_log10_min_p
41BB-L vs STOP	Lipid-associated TAMs	275	2.13366574881022	2.38472755422467	1.25365998161182	3.16260192594665	0.952727272727273	66	0.24	4.36097294623339	0.0021599567603112	0.966287440656911	1	2.66555494280565
41BB-L vs STOP	Antigen-presenting TAMs	639	1.43867387384533	1.44248402396611	0.308352039666347	2.38005204923792	0.810641627543036	91	0.142410015649452	3.51532889660564	0.00227319417883328	0.966287440656911	0.992592592592593	2.64336346476167
41BB-L vs STOP	Angiogenic TAMs	775	0.90556403273139	0.999069384483133	-0.344375155448052	2.1681490701518	0.692903225806452	86	0.110967741935484	4.24697391128865	0.00236068429470407	0.966287440656911	1	2.62696208925996
41BB-L vs STOP	Perivascular macrophages	251	-0.156293592237505	-0.435528080176451	-1.02757564449773	0.584093095621738	0.454183266932271	16	0.0637450199203187	-3.84003460260822	0.0043648252486978	0.966287440656911	1	2.36003313913951
41BB-L vs STOP	Perivascular macrophages (chemokine-producing)	173	-0.179393614310019	-0.261593340171862	-0.97397371644398	0.458062893857136	0.456647398843931	3	0.0173410404624277	-3.39969997781262	0.0092034720342801	0.966287440656911	1	2.03604830299508
41BB-L vs STOP	Homeostatic microglia	535	-0.4392209450631	-0.368708480643614	-1.05777901518923	0.196809229176132	0.330841121495327	10	0.0186915887850467	-2.78477953319598	0.0130803443014151	0.966287440656911	1	1.88338082434228
41BB-L vs STOP	TAM-like phagocytic microglia	919	-0.254336599689067	-0.212709239308979	-0.964999298486933	0.494677665346565	0.410228509249184	8	0.00870511425462459	-0.36627320112667	0.0135828819393573	0.966287440656911	1	1.86700807412247
41BB-L vs STOP	Antigen-presenting monocytes	197	-0.4762238494215	-0.133638308335165	-0.984068113554631	0.226339656525183	0.279187817258883	7	0.0355329949238579	3.99617342938686	0.0148413857637275	0.966287440656911	1	1.82852554639915
41BB-L vs STOP	Inflammatory TAMs	167	1.71061398151989	1.90420061967565	0.753068361586815	3.0614253386118	0.862275449101796	17	0.101796407185629	5.20340446587309	0.0150939002215114	0.966287440656911	1	1.82119852524632
41BB-L vs STOP	cDC1	114	0.743926956938781	0.623723597143588	0.178245661317866	1.16554571828624	0.850877192982456	2	0.0175438596491228	-4.10511984844328	0.0192207419984484	0.966287440656911	1	1.71622985081879
41BB-L vs STOP	Stress-response microglia	1539	-0.207700206346469	-0.25322685612498	-0.660326789999407	0.172980098976659	0.359324236517219	1	0.000649772579597141	-2.47025570663838	0.0364370095504511	0.966287440656911	1	1.4384572735495
41BB-L vs STOP	Early activated microglia	913	0.0821916626389017	0.0487023904150571	-0.426578623047174	0.536779551546277	0.535596933187295	2	0.00219058050383352	-0.383742284979045	0.0370920414948492	0.966287440656911	1	1.43071926304377
41BB-L vs STOP	Inflammatory monocytes	88	-0.061455035486263	-0.0674085051761683	-0.839284074626133	0.643555557159053	0.477272727272727	1	0.0113636363636364	3.45507500174549	0.049727772684056	0.966287440656911	1	1.30340099246065
41BB-L vs STOP	Inflammatory activated microglia	655	0.19453124170871	0.21311428861687	-0.301543849948147	0.695720006138928	0.59236641221374	0	0	NA	0.0514214236697085	0.966287440656911	1	1.28885590351309
B7H3 vs STOP	Antigen-presenting TAMs	639	2.17298970629913	2.31249671082847	1.18034815731081	3.35050620186632	0.928012519561815	234	0.366197183098592	3.73915847493398	0.000281988768106427	0.393381575509421	0.992592592592593	3.54976818971803
B7H3 vs STOP	Angiogenic TAMs	775	1.4183851776233	1.53756787879799	0.163759670674396	2.58621194133664	0.781935483870968	151	0.194838709677419	3.85184822736461	0.00080074627860797	0.393381575509421	1	3.09650507100167
B7H3 vs STOP	Lipid-associated TAMs	275	2.35539128993192	2.70411654518265	1.38010985275586	3.76578218129006	0.963636363636364	96	0.349090909090909	4.30450891994812	0.00142014429345124	0.393381575509421	1	2.84766752697894
B7H3 vs STOP	Perivascular macrophages	251	-0.532313087935028	-0.557982263640212	-1.2091978187127	0.0331751183216169	0.262948207171315	8	0.0318725099601594	-3.46172937320178	0.00245739152615691	0.393381575509421	1	2.60952564364078
B7H3 vs STOP	Inflammatory TAMs	167	2.75489864534621	2.33921714644649	0.737161762020161	3.65887700805713	0.856287425149701	47	0.281437125748503	4.99325717450875	0.00283533954290322	0.393381575509421	1	2.5473949252087
B7H3 vs STOP	TAM-like phagocytic microglia	919	0.0988519300224688	0.182565650995354	-0.841599854967692	1.14876022733123	0.540805223068553	40	0.043525571273123	3.0055485604126	0.00427633486494431	0.393381575509421	1	2.36892829403779
B7H3 vs STOP	Antigen-presenting monocytes	197	0.516650879892417	0.810198493663392	-0.00348964646467156	1.32827178737275	0.730964467005076	13	0.065989847715736	4.04249561654931	0.00562107679770866	0.393381575509421	1	2.25018048113772
B7H3 vs STOP	Homeostatic microglia	535	-0.724756390828947	-0.652770308408183	-1.67455112355742	0.268010372053559	0.304672897196262	38	0.0710280373831776	-2.82614835603384	0.00714897260750651	0.393381575509421	1	2.1457563670032
B7H3 vs STOP	Perivascular macrophages (chemokine-producing)	173	-0.997238881343656	-0.944788971617423	-1.43281736894916	-0.446251094496761	0.0982658959537572	2	0.0115606936416185	-4.47525179418559	0.00718984746792972	0.393381575509421	1	2.14328032304398
B7H3 vs STOP	Early activated microglia	913	-0.614858699042958	-0.58386420554292	-1.10578324213337	-0.13611059839062	0.201533406352683	13	0.0142387732749179	-2.38577723464272	0.00769078911371465	0.393381575509421	1	2.11402909711021
B7H3 vs STOP	cDC1	114	1.4116204371717	1.55994388922628	0.783551035591096	2.29916864494521	0.947368421052632	14	0.12280701754386	3.77182411803965	0.00772968689198227	0.393381575509421	1	2.11183809778134
B7H3 vs STOP	Stress-response microglia	1539	-0.929358934091653	-0.945465470214875	-1.43180863925371	-0.450033129521882	0.0870695256660169	36	0.0233918128654971	-2.69646986691239	0.0127649148864318	0.393381575509421	1	1.89398207662755
B7H3 vs STOP	Inflammatory activated microglia	655	-0.477166053031825	-0.408614380894698	-0.979773956005204	0.0774780829391513	0.273282442748092	12	0.0183206106870229	-2.15333903711403	0.0135797379082043	0.393381575509421	1	1.86710861194941
B7H3 vs STOP	Inflammatory monocytes	88	-0.396812578241031	-0.237788075285746	-1.15968829642279	0.470606592796321	0.375	3	0.0340909090909091	-2.15732675388875	0.0254280382106958	0.461717281715488	1	1.59468714462707
CD28-41BB vs STOP	Homeostatic microglia	535	-0.79446312720848	-0.718493081417765	-1.77183730553553	0.25825846582754	0.306542056074766	56	0.104672897196262	-3.12867145874544	0.00062629877836154	1	1	3.20321843541886
CD28-41BB vs STOP	Angiogenic TAMs	775	0.249866900240649	0.31041626151918	-0.983861431339326	1.53820436345065	0.556129032258065	76	0.0980645161290323	3.67051180834296	0.00140141885568902	1	1	2.85343204349536
CD28-41BB vs STOP	Lipid-associated TAMs	275	1.47178373666402	1.74886597607264	0.550364079580923	2.60646549251602	0.858181818181818	35	0.127272727272727	5.09107800939845	0.0039024292789743	1	1	2.40866495861263
CD28-41BB vs STOP	Antigen-presenting TAMs	639	1.05100071953049	0.958132001148075	-0.0645480571204169	2.05078985823224	0.735524256651017	50	0.0782472613458529	3.29483725893212	0.00457136648220036	1	0.992592592592593	2.33995396033017
CD28-41BB vs STOP	Stress-response microglia	1539	-0.545325462107095	-0.569220310353637	-1.24105543618988	0.130842150549267	0.282001299545159	30	0.0194931773879142	-2.97630104309133	0.00582819421166947	1	1	2.23446598475876
CD28-41BB vs STOP	Perivascular macrophages	251	0.693313974646162	0.907998973811132	0.243327253037566	1.36063984657773	0.888446215139442	8	0.0318725099601594	3.08462510456007	0.00625678995919909	1	1	2.20364842406865
CD28-41BB vs STOP	Antigen-presenting monocytes	197	-0.735733633698528	-0.712195447934203	-1.21511308784961	-0.18005833607864	0.203045685279188	3	0.0152284263959391	-4.85402042842857	0.0117021825869227	1	1	1.93173312995848
CD28-41BB vs STOP	cDC1	114	-0.200535412601336	-0.350244877555286	-1.0294656060585	0.415289638130662	0.403508771929825	3	0.0263157894736842	-3.87323732355771	0.0127485818799285	1	1	1.89453812236532
CD28-41BB vs STOP	TAM-like phagocytic microglia	919	0.144539870619588	0.192709292948641	-0.331902061299994	0.733978678878988	0.574537540805223	3	0.00326441784548422	3.36155772899356	0.0231550715101099	1	1	1.63535387343069
CD28-41BB vs STOP	Early activated microglia	913	-0.188209760295295	-0.167291829847259	-0.626478453050876	0.275152526381567	0.414019715224535	3	0.00328587075575027	-2.06133786698865	0.0236172768021963	1	1	1.62677018030255
CD28-41BB vs STOP	Inflammatory TAMs	167	-0.383271440331306	-0.385356258076173	-1.77817849719704	0.942014823838684	0.401197604790419	7	0.0419161676646707	-5.33857965555605	0.025346923133262	1	1	1.59607475220234
CD28-41BB vs STOP	Perivascular macrophages (chemokine-producing)	173	-0.221241817895035	-0.167626505406995	-0.956297163264128	0.688285598761665	0.433526011560694	2	0.0115606936416185	-2.6744306912053	0.0339371349637062	1	1	1.46932482442179
CD28-41BB vs STOP	Inflammatory activated microglia	655	0.0478321759465443	0.100155346663122	-0.43292433683483	0.569414707912137	0.525190839694657	0	0	NA	0.0593853196135873	1	1	1.22632090179978
CD28-41BB vs STOP	Inflammatory monocytes	88	-0.288778622078748	-0.320209600857798	-1.06332456003017	0.240177653729071	0.352272727272727	0	0	NA	0.0594811047984048	1	1	1.22562097351601
CD8-41BB vs STOP	Angiogenic TAMs	775	1.13604252874089	1.21031185023502	0.13296792620106	2.14589309295955	0.784516129032258	97	0.125161290322581	3.87321165738017	0.000390852984104186	0.236426272544598	1	3.40798656792067
CD8-41BB vs STOP	Antigen-presenting TAMs	639	1.19921060846094	1.34878732858258	0.279726204624685	2.36020292496472	0.807511737089202	88	0.137715179968701	3.77618885096709	0.000398299360500743	0.236426272544598	0.992592592592593	3.39979039088221
CD8-41BB vs STOP	Early activated microglia	913	-1.06178884599497	-1.11713780629071	-2.06621599975386	-0.1328528325016	0.228915662650602	119	0.130339539978094	-3.27339179777236	0.000500187906485756	0.236426272544598	1	3.30086681282542
CD8-41BB vs STOP	Stress-response microglia	1539	-2.00336507374877	-2.29877596176993	-3.6242877573825	-0.687889714856147	0.148148148148148	539	0.350227420402859	-4.17038666366808	0.000636437488571872	0.236426272544598	1	3.19624424668671
CD8-41BB vs STOP	Inflammatory TAMs	167	3.89458152126747	4.16102483176323	2.72950897620818	5.44375792177486	0.964071856287425	112	0.67065868263473	4.85702590830971	0.000738440884769939	0.236426272544598	1	3.13168426602003
CD8-41BB vs STOP	Homeostatic microglia	535	-4.24919255310477	-3.49225382475965	-6.31876141465455	-0.716892954466909	0.190654205607477	225	0.420560747663551	-6.43018723270882	0.00113696319694923	0.236426272544598	1	2.94425359302603
CD8-41BB vs STOP	Perivascular macrophages	251	0.305842421156261	0.3903883826071	-0.373924344660224	1.05528525154221	0.589641434262948	13	0.051792828685259	3.33462518261421	0.00265555726790854	0.236426272544598	1	2.57584432844989
CD8-41BB vs STOP	TAM-like phagocytic microglia	919	-0.478002329390762	-0.54227679903053	-1.33973979211602	0.333529539668581	0.339499455930359	32	0.0348204570184984	-5.07810789063549	0.00285874012946515	0.236426272544598	1	2.5438253218959
CD8-41BB vs STOP	Inflammatory monocytes	88	1.00491150334268	0.976029825548049	0.218099976030426	1.46283480111629	0.840909090909091	3	0.0340909090909091	5.20309319271029	0.00370705389940922	0.236426272544598	1	2.43097109941801
CD8-41BB vs STOP	Inflammatory activated microglia	655	-0.225398823343108	-0.144446213949897	-1.09809655195199	0.738120867693718	0.429007633587786	34	0.0519083969465649	2.73352120349519	0.00394471129854546	0.236426272544598	1	2.4039847759873
CD8-41BB vs STOP	Antigen-presenting monocytes	197	0.919124763069348	0.938722202705276	-0.00826973598277378	1.67209203925856	0.741116751269036	9	0.0456852791878173	3.48747508483274	0.00634145832313295	0.236426272544598	1	2.19781085744
CD8-41BB vs STOP	Lipid-associated TAMs	275	0.647869572776552	0.856639272870035	-0.215834929309522	1.7487919101099	0.698181818181818	17	0.0618181818181818	5.34253532961579	0.00897757800823255	0.238399933430588	1	2.04684081250122
CD8-41BB vs STOP	Perivascular macrophages (chemokine-producing)	173	-0.186772056459874	-0.0839463401815539	-0.800662867044244	0.525680864963177	0.416184971098266	3	0.0173410404624277	3.66733299932797	0.0145570596133605	0.238399933430588	1	1.83692633949096
CD8-41BB vs STOP	cDC1	114	1.34856490106358	1.28021872865387	0.784816121925846	1.91563810106214	0.921052631578947	3	0.0263157894736842	4.11756283073343	0.0184947580956571	0.245692475662502	1	1.7329513447167
tumor vs STOP	Angiogenic TAMs	775	-2.39251558558035	-2.36897867841853	-3.88336917986753	-0.779283019537786	0.100645161290323	130	0.167741935483871	-5.32511391438144	0.00194795874096953	0.97836050316388	1	2.710420245999
tumor vs STOP	Perivascular macrophages	251	0.561718320150839	0.788731497278813	0.0921022637176934	1.30624017500916	0.792828685258964	11	0.0438247011952191	3.090217530438	0.00423205098552269	0.97836050316388	1	2.37344910879003
tumor vs STOP	Lipid-associated TAMs	275	-0.616928844188228	-0.830319446697777	-2.32764934272045	0.173393077427581	0.316363636363636	15	0.0545454545454545	-4.81080099569963	0.00500040073858	0.97836050316388	1	2.30099518934799
tumor vs STOP	TAM-like phagocytic microglia	919	-0.492459351297085	-0.581412528962457	-1.33953926364365	0.296884887438775	0.336235038084875	41	0.044613710554951	-4.08265500028533	0.00524743890978878	0.97836050316388	1	2.28005260873338
tumor vs STOP	Antigen-presenting TAMs	639	-0.532886710631941	-0.592793277059531	-1.79166549947054	0.681504903471994	0.389671361502347	37	0.0579029733959311	-4.53465434646815	0.00637402975706137	0.97836050316388	0.992592592592593	2.19558591336034
tumor vs STOP	Homeostatic microglia	535	-0.365182169203094	-0.383928748329896	-1.24431612969357	0.40529943019949	0.362616822429907	15	0.0280373831775701	-3.17411531297703	0.00696128580945137	0.97836050316388	1	2.15731053504837
tumor vs STOP	Antigen-presenting monocytes	197	-0.948260485498758	-1.2194527415101	-1.78075837064507	-0.301414160545308	0.116751269035533	6	0.0304568527918782	-5.13209599463422	0.0123901087206806	0.97836050316388	1	1.90692488276159
tumor vs STOP	Inflammatory TAMs	167	-3.37811293285422	-3.01873427531729	-4.65573672833522	-2.45235213444479	0.00598802395209581	20	0.119760479041916	-5.87287338440589	0.0167250732382346	0.97836050316388	1	1.7766319718028
tumor vs STOP	cDC1	114	-0.966580152659068	-1.31425731777862	-1.76724315519951	-0.453570255343577	0.114035087719298	8	0.0701754385964912	-4.71940498592045	0.0174804924838161	0.97836050316388	1	1.7574463360042
tumor vs STOP	Inflammatory monocytes	88	-0.841168945061787	-0.709612025042658	-1.26337129255226	-0.134088502996819	0.193181818181818	1	0.0113636363636364	-2.91138304563354	0.0257534126305828	0.97836050316388	1	1.58916521367407
tumor vs STOP	Stress-response microglia	1539	-0.351855657970487	-0.333568911543636	-0.88006733401201	0.18235699459075	0.332683560753736	5	0.0032488628979857	-2.95444432733094	0.033754484691078	0.97836050316388	1	1.47166851773084
tumor vs STOP	Inflammatory activated microglia	655	-0.291122764295464	-0.203545517720226	-0.731213782403482	0.267854334593378	0.352671755725191	2	0.00305343511450382	0.00698106283304112	0.0372874687468767	0.97836050316388	1	1.428437097641
tumor vs STOP	Perivascular macrophages (chemokine-producing)	173	0.605719493889093	0.600192641254203	-0.00803923418443391	1.22074121457736	0.745664739884393	2	0.0115606936416185	2.77906712455166	0.0481832637778173	0.97836050316388	1	1.31710378564343
tumor vs STOP	Early activated microglia	913	-0.0175100273994323	0.0107534276988769	-0.401484556569522	0.435202809623398	0.488499452354874	0	0	NA	0.059890960777426	0.97836050316388	1	1.22263871985973
